ID_Transaksi,Jumlah_Transaksi,Jenis_Transaksi,Lokasi,Kanal_Transaksi,Usia_Nasabah,Pekerjaan_Nasabah,Durasi_Transaksi,Saldo_Akun,Jumlah_Transaksi_Log,Kluster,Nama_Segmen
TX000001,14.09,Debit,San Diego,ATM,70.0,Doctor,81.0,5112.21,2.7140322727797574,1,C1 - Saver 
TX000002,376.24,Debit,Houston,ATM,68.0,Doctor,141.0,13758.91,5.932881589675684,1,C1 - Saver 
TX000003,126.29,Debit,Mesa,Online,19.0,Student,56.0,1122.35,4.846467947882343,2,C2- Young & Active
TX000004,184.5,Debit,Raleigh,Online,26.0,Student,25.0,8569.06,5.22305488204749,2,C2- Young & Active
TX000006,92.15,Debit,Oklahoma City,ATM,18.0,Student,172.0,781.68,4.5342110970475975,2,C2- Young & Active
TX000007,7.08,Credit,Seattle,ATM,37.0,Doctor,139.0,13316.71,2.089391872533004,1,C1 - Saver 
TX000008,171.42,Credit,Indianapolis,Branch,67.0,Retired,291.0,2796.24,5.1499333607817785,1,C1 - Saver 
TX000009,106.23,Credit,Detroit,Branch,51.0,Engineer,86.0,9095.14,4.674976060232054,1,C1 - Saver 
TX000010,815.96,Debit,Nashville,ATM,55.0,Doctor,120.0,1021.88,6.705590134053119,0,C0 - High Spender  
TX000011,17.78,Credit,Albuquerque,Online,52.0,Engineer,59.0,7599.52,2.932792473780117,1,C1 - Saver 
TX000012,190.02,Debit,Memphis,Online,21.0,Student,173.0,1528.81,5.252378134606592,2,C2- Young & Active
TX000013,494.52,Credit,Mesa,Branch,24.0,Student,111.0,1620.02,6.205607716224892,2,C2- Young & Active
TX000014,781.76,Debit,Memphis,ATM,26.0,Student,123.0,189.69,6.662826135596005,0,C0 - High Spender  
TX000015,166.99,Debit,Louisville,Online,18.0,Student,134.0,299.93,5.123904453822123,2,C2- Young & Active
TX000016,465.45,Debit,Denver,ATM,36.0,Engineer,129.0,3465.54,6.14515083340697,2,C2- Young & Active
TX000017,555.8,Credit,Austin,Branch,19.0,Student,158.0,1131.26,6.32220610902021,2,C2- Young & Active
TX000018,492.93,Debit,Columbus,Online,39.0,Engineer,234.0,5109.97,6.202393806742613,2,C2- Young & Active
TX000019,18.68,Credit,Albuquerque,Branch,59.0,Retired,106.0,7948.37,2.9796028916241073,1,C1 - Saver 
TX000020,71.48,Credit,Columbus,Online,18.0,Student,169.0,6568.59,4.283310661734724,2,C2- Young & Active
TX000021,59.32,Debit,Los Angeles,Branch,71.0,Retired,38.0,5750.89,4.099663723699701,1,C1 - Saver 
TX000022,85.77,Debit,Las Vegas,Branch,38.0,Doctor,93.0,9146.19,4.463260939805398,1,C1 - Saver 
TX000023,52.2,Debit,Atlanta,Online,39.0,Engineer,120.0,8974.93,3.9740583963475986,1,C1 - Saver 
TX000024,345.84,Debit,Fort Worth,Online,22.0,Student,142.0,1402.5,5.8488635785089595,2,C2- Young & Active
TX000025,145.54,Debit,Raleigh,Online,21.0,Student,96.0,1930.96,4.987298428731818,2,C2- Young & Active
TX000026,7.49,Credit,Houston,Online,65.0,Retired,276.0,3634.67,2.138889000323256,1,C1 - Saver 
TX000027,246.93,Debit,Miami,ATM,23.0,Student,158.0,673.35,5.513146448258161,2,C2- Young & Active
TX000028,40.32,Debit,Milwaukee,Branch,37.0,Engineer,95.0,2686.52,3.7213466442514376,2,C2- Young & Active
TX000029,127.45,Debit,Las Vegas,Online,44.0,Doctor,197.0,1772.06,4.855539723555893,2,C2- Young & Active
TX000030,56.17,Debit,Detroit,Branch,27.0,Student,283.0,1351.69,4.04602928527588,2,C2- Young & Active
TX000031,28.31,Credit,Miami,Online,59.0,Doctor,20.0,8334.47,3.377928754722801,1,C1 - Saver 
TX000032,59.12,Debit,Baltimore,ATM,29.0,Doctor,257.0,9823.64,4.0963425648847736,1,C1 - Saver 
TX000033,396.45,Debit,New York,ATM,49.0,Engineer,168.0,9690.15,5.985069140019122,1,C1 - Saver 
TX000034,877.81,Debit,Los Angeles,Online,22.0,Student,150.0,399.0,6.778568719599104,0,C0 - High Spender  
TX000035,255.26,Credit,San Francisco,Branch,45.0,Doctor,50.0,14815.87,5.54619255408143,1,C1 - Saver 
TX000036,124.76,Debit,Seattle,Branch,49.0,Engineer,45.0,5764.72,4.834375328680896,1,C1 - Saver 
TX000037,78.13,Debit,Milwaukee,Branch,26.0,Student,145.0,900.61,4.371092069621102,2,C2- Young & Active
TX000038,649.28,Debit,San Jose,ATM,75.0,Retired,137.0,4875.86,6.477403039366023,0,C0 - High Spender  
TX000039,795.31,Debit,Mesa,ATM,66.0,Doctor,90.0,7914.88,6.6799885572656725,0,C0 - High Spender  
TX000040,335.63,Debit,Oklahoma City,Online,55.0,Retired,216.0,1019.39,5.818984404344884,2,C2- Young & Active
TX000041,328.47,Debit,San Antonio,ATM,63.0,Retired,119.0,4323.66,5.797485302756558,1,C1 - Saver 
TX000042,34.02,Debit,Philadelphia,Online,38.0,Doctor,19.0,14214.48,3.555919326857706,1,C1 - Saver 
TX000043,241.42,Credit,Charlotte,Online,57.0,Doctor,116.0,13357.02,5.490671759042366,1,C1 - Saver 
TX000044,55.32,Debit,Tucson,ATM,19.0,Student,117.0,241.79,4.0310497118497866,2,C2- Young & Active
TX000045,304.31,Debit,Louisville,Branch,27.0,Student,33.0,868.61,5.72132765387195,2,C2- Young & Active
TX000047,164.49,Debit,Baltimore,Branch,26.0,Student,75.0,1509.27,5.108910770030852,2,C2- Young & Active
TX000048,510.24,Debit,Oklahoma City,Online,19.0,Student,105.0,781.7,6.236839147263514,2,C2- Young & Active
TX000049,626.9,Debit,Denver,Online,26.0,Student,138.0,265.51,6.4423809181200635,2,C2- Young & Active
TX000050,22.01,Credit,Sacramento,Online,41.0,Engineer,175.0,1335.09,3.1359289040472746,2,C2- Young & Active
TX000051,425.34,Credit,Kansas City,Online,69.0,Retired,121.0,3907.54,6.055237150005048,1,C1 - Saver 
TX000052,424.56,Debit,Omaha,Online,51.0,Engineer,264.0,5183.85,6.053405948648165,1,C1 - Saver 
TX000053,85.43,Debit,Virginia Beach,Branch,67.0,Doctor,145.0,14904.9,4.459334837764547,1,C1 - Saver 
TX000054,169.5,Debit,San Diego,Branch,28.0,Student,142.0,918.88,5.1387352967235715,2,C2- Young & Active
TX000055,104.63,Debit,Omaha,ATM,62.0,Retired,90.0,4477.78,4.659942421835071,1,C1 - Saver 
TX000056,316.95,Debit,Mesa,Branch,25.0,Student,83.0,1324.03,5.7618941377134165,2,C2- Young & Active
TX000057,60.54,Credit,Columbus,Branch,57.0,Retired,52.0,3534.93,4.119687369893896,1,C1 - Saver 
TX000058,292.56,Credit,Dallas,Branch,68.0,Retired,61.0,4638.37,5.682082047676862,1,C1 - Saver 
TX000059,386.52,Debit,Indianapolis,Branch,48.0,Engineer,28.0,5630.61,5.959767460364727,1,C1 - Saver 
TX000060,112.07,Debit,Kansas City,Branch,23.0,Student,51.0,930.3,4.728007095947154,2,C2- Young & Active
TX000061,568.52,Debit,Indianapolis,ATM,46.0,Engineer,152.0,5499.91,6.344793900795618,0,C0 - High Spender  
TX000062,263.99,Debit,Dallas,Branch,79.0,Retired,227.0,4175.02,5.5796920894251505,1,C1 - Saver 
TX000063,349.64,Debit,Las Vegas,Online,48.0,Engineer,226.0,6651.62,5.859760056110554,1,C1 - Saver 
TX000064,601.4,Credit,Philadelphia,Branch,56.0,Engineer,104.0,8458.29,6.400921676485684,0,C0 - High Spender  
TX000065,5.77,Debit,Charlotte,Online,50.0,Doctor,124.0,13988.12,1.9125010869241836,1,C1 - Saver 
TX000066,201.33,Credit,Nashville,Branch,42.0,Engineer,186.0,2585.07,5.3099000277911035,2,C2- Young & Active
TX000067,298.42,Debit,Indianapolis,Branch,56.0,Retired,225.0,3014.75,5.70184727002169,1,C1 - Saver 
TX000068,521.06,Debit,Albuquerque,Branch,25.0,Student,128.0,1951.42,6.257782523805988,2,C2- Young & Active
TX000069,117.28,Credit,Austin,Online,60.0,Engineer,16.0,3665.77,4.7730546949842765,1,C1 - Saver 
TX000071,133.55,Debit,Atlanta,ATM,44.0,Engineer,220.0,3846.28,4.901935877172915,1,C1 - Saver 
TX000072,143.21,Debit,Dallas,Online,35.0,Engineer,135.0,6374.82,4.971270570573979,1,C1 - Saver 
TX000073,24.77,Debit,Boston,ATM,62.0,Retired,55.0,5866.01,3.2492110246642736,1,C1 - Saver 
TX000074,233.92,Credit,Jacksonville,Online,26.0,Student,280.0,6537.62,5.459245030654318,2,C2- Young & Active
TX000075,1212.51,Debit,Indianapolis,Branch,20.0,Student,24.0,605.95,7.10127226575899,0,C0 - High Spender  
TX000078,91.53,Debit,Milwaukee,Branch,44.0,Doctor,69.0,14676.05,4.527532916260939,1,C1 - Saver 
TX000079,120.29,Debit,Miami,Branch,19.0,Student,77.0,1362.39,4.798184372320789,2,C2- Young & Active
TX000080,174.25,Debit,Seattle,Online,50.0,Doctor,67.0,10528.34,5.166213525914699,1,C1 - Saver 
TX000081,183.71,Debit,Denver,ATM,38.0,Engineer,102.0,552.52,5.218787027591229,2,C2- Young & Active
TX000083,922.55,Debit,Detroit,ATM,63.0,Retired,87.0,4715.84,6.828224940025329,0,C0 - High Spender  
TX000084,259.91,Debit,Denver,Online,49.0,Doctor,170.0,7176.86,5.564175520269783,1,C1 - Saver 
TX000085,154.71,Debit,San Diego,Online,34.0,Doctor,157.0,1523.72,5.047995302853334,2,C2- Young & Active
TX000086,1340.19,Credit,Austin,Online,54.0,Engineer,30.0,8654.28,7.201312558554734,0,C0 - High Spender  
TX000087,24.56,Debit,Mesa,Branch,64.0,Doctor,69.0,9869.93,3.241028629509334,1,C1 - Saver 
TX000089,9.61,Credit,San Diego,Online,58.0,Doctor,179.0,12883.91,2.361796952625892,1,C1 - Saver 
TX000090,392.96,Debit,Kansas City,Online,24.0,Student,100.0,791.65,5.976249381301502,2,C2- Young & Active
TX000091,716.93,Credit,Milwaukee,Online,60.0,Retired,34.0,4064.02,6.576372071259257,0,C0 - High Spender  
TX000092,223.85,Debit,Kansas City,ATM,53.0,Engineer,55.0,2929.91,5.415433513216716,1,C1 - Saver 
TX000093,230.66,Debit,Houston,Branch,21.0,Student,135.0,618.05,5.4452707795042,2,C2- Young & Active
TX000094,442.12,Debit,Los Angeles,Online,19.0,Student,260.0,1375.8,6.093840613724849,2,C2- Young & Active
TX000095,644.17,Debit,San Antonio,ATM,29.0,Engineer,72.0,1143.52,6.469513847959858,2,C2- Young & Active
TX000096,508.68,Credit,Mesa,Branch,51.0,Engineer,127.0,7708.41,6.233783077808233,1,C1 - Saver 
TX000097,858.63,Credit,San Francisco,Branch,27.0,Student,185.0,1872.96,6.756502064112833,0,C0 - High Spender  
TX000098,25.36,Debit,Louisville,ATM,57.0,Engineer,78.0,201.04,3.2718477096343066,2,C2- Young & Active
TX000099,147.62,Debit,Charlotte,Branch,71.0,Retired,133.0,2115.8,5.001392712729324,1,C1 - Saver 
TX000100,115.02,Debit,San Antonio,Branch,37.0,Doctor,175.0,7643.66,4.753762590037918,1,C1 - Saver 
TX000101,383.37,Debit,Fort Worth,Branch,30.0,Engineer,24.0,8901.93,5.951605630346094,1,C1 - Saver 
TX000104,196.16,Debit,Virginia Beach,Branch,27.0,Engineer,146.0,9418.86,5.284015581837177,1,C1 - Saver 
TX000105,129.94,Debit,Las Vegas,ATM,32.0,Engineer,235.0,7954.92,4.874739203012945,1,C1 - Saver 
TX000106,306.9,Debit,Colorado Springs,Online,46.0,Engineer,51.0,9418.08,5.729775054930455,1,C1 - Saver 
TX000107,114.98,Debit,Seattle,Online,59.0,Retired,80.0,6144.68,4.7534177624482945,1,C1 - Saver 
TX000108,756.59,Debit,Sacramento,Branch,27.0,Student,17.0,420.65,6.63014234220714,0,C0 - High Spender  
TX000109,503.76,Debit,Los Angeles,Online,22.0,Student,35.0,447.82,6.22408306878471,2,C2- Young & Active
TX000110,143.03,Debit,San Antonio,ATM,63.0,Retired,147.0,7981.45,4.970021611210958,1,C1 - Saver 
TX000113,254.37,Credit,Dallas,Online,51.0,Engineer,174.0,8849.26,5.542713473895698,1,C1 - Saver 
TX000114,213.76,Credit,Dallas,ATM,78.0,Retired,282.0,3528.72,5.3695211255543684,1,C1 - Saver 
TX000115,327.86,Debit,Fresno,Online,40.0,Engineer,104.0,480.16,5.79563212828608,2,C2- Young & Active
TX000116,2.5,Debit,San Diego,Online,47.0,Doctor,107.0,12145.27,1.252762968495368,1,C1 - Saver 
TX000117,300.08,Credit,Austin,Online,68.0,Doctor,47.0,13546.75,5.707376010166331,1,C1 - Saver 
TX000118,56.98,Credit,Oklahoma City,ATM,43.0,Engineer,122.0,5688.37,4.06009812349351,1,C1 - Saver 
TX000119,407.65,Debit,Boston,Online,26.0,Engineer,62.0,8346.64,6.0128590439621385,2,C2- Young & Active
TX000120,115.83,Debit,Fresno,Branch,39.0,Engineer,167.0,6481.04,4.760719886729057,1,C1 - Saver 
TX000121,53.57,Debit,Houston,ATM,69.0,Retired,121.0,1651.33,3.9994842811981406,1,C1 - Saver 
TX000122,63.34,Credit,Detroit,Online,46.0,Doctor,165.0,11174.94,4.16418152181088,1,C1 - Saver 
TX000123,317.87,Debit,Detroit,Online,27.0,Student,91.0,145.5,5.7647834962136,2,C2- Young & Active
TX000124,331.65,Debit,Portland,Online,41.0,Engineer,61.0,4172.57,5.807090886187897,2,C2- Young & Active
TX000125,5.04,Debit,Washington,ATM,56.0,Retired,41.0,5558.36,1.7984040119467237,1,C1 - Saver 
TX000126,214.54,Credit,Detroit,Online,70.0,Doctor,247.0,11151.53,5.373146507168686,1,C1 - Saver 
TX000127,598.81,Debit,Philadelphia,Branch,57.0,Doctor,158.0,1415.52,6.396612938400003,0,C0 - High Spender  
TX000128,841.28,Debit,Tucson,Online,26.0,Student,80.0,1103.64,6.73611250053033,0,C0 - High Spender  
TX000129,38.15,Debit,Mesa,Online,26.0,Student,108.0,303.68,3.667400422436812,2,C2- Young & Active
TX000130,1036.66,Debit,San Antonio,Branch,58.0,Doctor,144.0,5541.57,6.944723457082125,0,C0 - High Spender  
TX000131,124.72,Debit,Oklahoma City,Branch,33.0,Engineer,105.0,6309.8,4.834057211929367,2,C2- Young & Active
TX000132,302.45,Credit,San Antonio,Branch,78.0,Retired,40.0,5133.61,5.7152168522818645,1,C1 - Saver 
TX000133,208.04,Debit,Louisville,Online,47.0,Engineer,273.0,9344.98,5.342525621212357,1,C1 - Saver 
TX000134,5.77,Credit,Los Angeles,Branch,23.0,Student,254.0,1117.97,1.9125010869241836,2,C2- Young & Active
TX000135,381.33,Debit,Albuquerque,ATM,56.0,Doctor,75.0,11835.35,5.94628411002744,1,C1 - Saver 
TX000136,16.16,Debit,Milwaukee,ATM,50.0,Doctor,124.0,14401.17,2.8425810940598164,1,C1 - Saver 
TX000137,486.08,Debit,Oklahoma City,Online,18.0,Student,68.0,1748.69,6.188428380638807,2,C2- Young & Active
TX000138,336.39,Debit,San Antonio,Branch,21.0,Student,18.0,1000.46,5.82123953126126,2,C2- Young & Active
TX000139,997.43,Debit,Seattle,Online,69.0,Doctor,118.0,6810.05,6.906184045240652,0,C0 - High Spender  
TX000140,234.57,Debit,Chicago,Online,23.0,Student,120.0,263.98,5.462008109204515,2,C2- Young & Active
TX000141,6.0,Debit,Chicago,Online,30.0,Doctor,246.0,5442.76,1.9459101490553132,2,C2- Young & Active
TX000142,1049.92,Debit,Detroit,ATM,80.0,Retired,21.0,2037.85,6.957421249996957,0,C0 - High Spender  
TX000143,227.14,Debit,Charlotte,ATM,18.0,Student,294.0,341.94,5.429959475599752,2,C2- Young & Active
TX000144,233.74,Credit,Oklahoma City,Online,66.0,Retired,17.0,1066.59,5.458478518671978,1,C1 - Saver 
TX000146,45.85,Debit,Los Angeles,ATM,20.0,Student,92.0,1659.15,3.846951008684431,2,C2- Young & Active
TX000147,973.39,Debit,Sacramento,Branch,77.0,Retired,296.0,2042.22,6.881811634177191,0,C0 - High Spender  
TX000149,415.5,Debit,Memphis,ATM,66.0,Doctor,141.0,10113.66,6.031886461606898,1,C1 - Saver 
TX000150,265.76,Debit,Philadelphia,Online,54.0,Retired,92.0,4446.17,5.586349377764106,1,C1 - Saver 
TX000151,69.4,Debit,Virginia Beach,Online,80.0,Retired,113.0,6452.77,4.254193263163997,1,C1 - Saver 
TX000152,332.93,Credit,Albuquerque,Branch,35.0,Engineer,293.0,2788.2,5.810931390173244,2,C2- Young & Active
TX000153,267.9,Debit,San Antonio,Online,20.0,Student,160.0,596.16,5.5943395632748185,2,C2- Young & Active
TX000154,496.03,Debit,San Francisco,Branch,61.0,Doctor,265.0,12904.66,6.208650386447944,1,C1 - Saver 
TX000155,376.26,Debit,Tucson,ATM,37.0,Engineer,245.0,9062.4,5.932934604917579,1,C1 - Saver 
TX000156,83.02,Credit,Seattle,Online,36.0,Engineer,171.0,9009.56,4.431054865741236,1,C1 - Saver 
TX000157,93.26,Credit,New York,Online,20.0,Student,72.0,1152.2,4.546056921495585,2,C2- Young & Active
TX000158,803.37,Credit,Memphis,Branch,68.0,Doctor,129.0,12168.37,6.690059362324856,0,C0 - High Spender  
TX000159,35.76,Debit,Charlotte,Branch,23.0,Student,122.0,611.86,3.6044102974874863,2,C2- Young & Active
TX000160,28.53,Debit,Washington,Online,62.0,Doctor,99.0,8670.53,3.3854066957558313,1,C1 - Saver 
TX000161,139.53,Credit,Louisville,Online,53.0,Doctor,177.0,10098.86,4.9454209891126535,1,C1 - Saver 
TX000162,307.57,Debit,Detroit,Branch,33.0,Doctor,285.0,5307.74,5.731948721982551,2,C2- Young & Active
TX000163,60.65,Credit,Tucson,Branch,56.0,Retired,53.0,1047.28,4.121473229610353,1,C1 - Saver 
TX000164,74.86,Debit,Nashville,Branch,70.0,Doctor,125.0,6921.48,4.3288895362607525,1,C1 - Saver 
TX000166,231.91,Debit,Memphis,ATM,34.0,Engineer,165.0,112.76,5.450652112851316,2,C2- Young & Active
TX000167,126.21,Debit,Baltimore,Branch,75.0,Retired,268.0,5669.66,4.845839264168119,1,C1 - Saver 
TX000168,506.28,Credit,Chicago,Online,53.0,Retired,162.0,1309.95,6.2290631193917765,0,C0 - High Spender  
TX000169,304.35,Debit,Houston,Branch,31.0,Engineer,36.0,4057.1,5.7214586596691435,2,C2- Young & Active
TX000170,281.85,Debit,Detroit,ATM,22.0,Student,109.0,1585.98,5.644916721789165,2,C2- Young & Active
TX000171,777.88,Debit,Houston,Branch,31.0,Engineer,17.0,6825.55,6.657856990359107,0,C0 - High Spender  
TX000172,119.18,Debit,Los Angeles,Branch,56.0,Retired,96.0,5516.5,4.788990618905782,1,C1 - Saver 
TX000173,177.19,Debit,Chicago,Online,76.0,Retired,43.0,5343.3,5.182850396739323,1,C1 - Saver 
TX000174,260.88,Debit,Denver,Branch,22.0,Student,36.0,903.05,5.5678863835728905,2,C2- Young & Active
TX000175,169.47,Debit,Chicago,Online,24.0,Student,19.0,1806.16,5.138559328162834,2,C2- Young & Active
TX000176,73.23,Debit,Portland,Branch,26.0,Student,14.0,787.74,4.307168381129456,2,C2- Young & Active
TX000177,1362.55,Debit,El Paso,ATM,29.0,Engineer,106.0,2429.68,7.217846871947003,0,C0 - High Spender  
TX000178,792.57,Debit,Baltimore,ATM,19.0,Student,164.0,770.37,6.676541752836779,0,C0 - High Spender  
TX000179,237.06,Debit,Phoenix,Online,71.0,Retired,46.0,1182.77,5.472522742739733,1,C1 - Saver 
TX000180,34.17,Credit,Philadelphia,Online,54.0,Engineer,54.0,726.55,3.5601934464858913,2,C2- Young & Active
TX000181,740.25,Debit,Philadelphia,Online,41.0,Doctor,123.0,14464.3,6.6083379503119355,0,C0 - High Spender  
TX000182,453.54,Debit,Albuquerque,ATM,58.0,Doctor,82.0,12046.3,6.119285918545867,1,C1 - Saver 
TX000183,300.47,Debit,Jacksonville,Branch,73.0,Retired,100.0,7885.64,5.708670508728977,1,C1 - Saver 
TX000184,110.93,Credit,Virginia Beach,Branch,19.0,Student,201.0,1952.35,4.717873675901176,2,C2- Young & Active
TX000185,201.69,Debit,Las Vegas,ATM,59.0,Doctor,299.0,7328.52,5.311677718249873,1,C1 - Saver 
TX000186,399.21,Debit,Portland,ATM,59.0,Engineer,109.0,3210.39,5.991989409343697,1,C1 - Saver 
TX000187,1041.88,Debit,Jacksonville,Online,78.0,Retired,57.0,5726.2,6.9497413956491965,0,C0 - High Spender  
TX000188,630.36,Debit,Mesa,ATM,62.0,Retired,52.0,1363.65,6.4478762228342505,0,C0 - High Spender  
TX000189,10.94,Credit,Philadelphia,ATM,60.0,Engineer,245.0,1241.99,2.479894107964456,1,C1 - Saver 
TX000190,215.9,Debit,Los Angeles,ATM,38.0,Doctor,235.0,7873.28,5.379436417832829,1,C1 - Saver 
TX000191,1422.55,Debit,Washington,Branch,79.0,Retired,165.0,5674.32,7.2609090307938935,0,C0 - High Spender  
TX000193,444.89,Credit,Las Vegas,Branch,43.0,Doctor,101.0,10328.23,6.100072284828913,1,C1 - Saver 
TX000194,280.57,Credit,Virginia Beach,Online,25.0,Student,24.0,293.24,5.640381084517819,2,C2- Young & Active
TX000195,488.54,Debit,Jacksonville,Branch,52.0,Engineer,132.0,7486.63,6.193466174668764,1,C1 - Saver 
TX000196,3.3,Credit,Los Angeles,Branch,50.0,Doctor,131.0,11385.37,1.4586150226995167,1,C1 - Saver 
TX000198,20.36,Debit,Tucson,Branch,62.0,Retired,75.0,2762.48,3.061520014091994,1,C1 - Saver 
TX000200,493.11,Debit,Colorado Springs,Branch,53.0,Retired,236.0,7432.99,6.202758164464956,1,C1 - Saver 
TX000201,307.41,Debit,Los Angeles,ATM,19.0,Student,14.0,1057.0,5.731430066585013,2,C2- Young & Active
TX000202,11.18,Debit,Atlanta,Online,43.0,Doctor,161.0,5956.89,2.4997952622817508,1,C1 - Saver 
TX000203,313.82,Debit,Tucson,Branch,59.0,Engineer,151.0,7261.59,5.752001046926676,1,C1 - Saver 
TX000204,51.0,Debit,Seattle,Branch,64.0,Retired,107.0,4943.16,3.9512437185814275,1,C1 - Saver 
TX000205,140.98,Debit,Memphis,Branch,60.0,Engineer,100.0,8127.48,4.95568620261124,1,C1 - Saver 
TX000206,288.04,Debit,Denver,ATM,68.0,Retired,63.0,1748.02,5.666565086839385,1,C1 - Saver 
TX000207,800.55,Debit,Oklahoma City,ATM,31.0,Engineer,108.0,9660.22,6.6865473531356825,0,C0 - High Spender  
TX000208,485.54,Debit,Houston,ATM,46.0,Engineer,143.0,6371.51,6.187319118184521,1,C1 - Saver 
TX000209,521.15,Debit,Kansas City,ATM,54.0,Doctor,214.0,9442.47,6.257954902925557,1,C1 - Saver 
TX000211,304.93,Debit,Portland,ATM,65.0,Doctor,158.0,13531.22,5.723356317613305,1,C1 - Saver 
TX000213,694.2,Debit,Milwaukee,ATM,61.0,Retired,72.0,1389.37,6.5441995739511825,0,C0 - High Spender  
TX000214,116.86,Debit,Louisville,ATM,55.0,Engineer,171.0,6706.56,4.769497479409767,1,C1 - Saver 
TX000216,74.88,Debit,Atlanta,ATM,25.0,Student,202.0,420.67,4.3291531450668135,2,C2- Young & Active
TX000218,134.7,Debit,Fort Worth,ATM,50.0,Doctor,106.0,8395.85,4.9104465668408235,1,C1 - Saver 
TX000219,890.24,Credit,Las Vegas,Online,33.0,Engineer,161.0,5140.93,6.792613751469205,0,C0 - High Spender  
TX000220,361.27,Debit,Omaha,ATM,63.0,Doctor,180.0,7945.57,5.8923897901667415,1,C1 - Saver 
TX000221,131.56,Debit,Charlotte,Branch,44.0,Doctor,42.0,5873.54,4.887035373118308,1,C1 - Saver 
TX000222,485.51,Credit,Milwaukee,Online,76.0,Retired,37.0,3074.45,6.187257456399393,1,C1 - Saver 
TX000223,547.87,Debit,Columbus,ATM,64.0,Retired,131.0,6155.76,6.307861619298144,1,C1 - Saver 
TX000224,457.3,Debit,Virginia Beach,Online,28.0,Engineer,15.0,8318.29,6.127523991515078,2,C2- Young & Active
TX000225,506.24,Debit,Chicago,ATM,58.0,Engineer,64.0,230.09,6.228984264366699,0,C0 - High Spender  
TX000226,486.59,Debit,Indianapolis,Branch,57.0,Retired,119.0,2513.56,6.189474888783194,1,C1 - Saver 
TX000227,163.68,Debit,San Diego,Branch,41.0,Doctor,292.0,10090.05,5.104004196901704,1,C1 - Saver 
TX000228,581.65,Debit,Boston,ATM,22.0,Student,176.0,480.19,6.367586663019273,2,C2- Young & Active
TX000229,52.01,Debit,Mesa,ATM,48.0,Doctor,85.0,1120.88,3.9704805749997147,2,C2- Young & Active
TX000230,630.24,Debit,Boston,ATM,21.0,Student,62.0,370.81,6.447686138879932,2,C2- Young & Active
TX000231,523.74,Debit,Oklahoma City,ATM,43.0,Doctor,159.0,13498.55,6.262902901825497,1,C1 - Saver 
TX000232,705.6,Debit,Phoenix,Branch,40.0,Doctor,124.0,14804.7,6.560464734925045,0,C0 - High Spender  
TX000233,217.5,Credit,Denver,Branch,46.0,Engineer,35.0,3057.4,5.3867860145356445,2,C2- Young & Active
TX000234,91.48,Debit,Fort Worth,ATM,51.0,Doctor,141.0,14942.78,4.5269924049240675,1,C1 - Saver 
TX000235,5.25,Debit,San Jose,ATM,39.0,Doctor,49.0,14143.32,1.8325814637483102,1,C1 - Saver 
TX000236,54.03,Credit,Milwaukee,ATM,56.0,Retired,161.0,6736.3,4.007878491071668,1,C1 - Saver 
TX000237,736.73,Debit,Memphis,Branch,48.0,Engineer,10.0,3313.07,6.603577904001159,0,C0 - High Spender  
TX000239,33.06,Credit,Fort Worth,Online,53.0,Retired,170.0,1540.87,3.5281236752345424,1,C1 - Saver 
TX000240,66.5,Credit,Louisville,Online,32.0,Engineer,144.0,6820.23,4.212127597878484,2,C2- Young & Active
TX000242,588.54,Debit,Portland,Branch,32.0,Engineer,130.0,714.45,6.379342571789095,2,C2- Young & Active
TX000243,173.5,Debit,Nashville,ATM,21.0,Student,282.0,1306.91,5.161924741642482,2,C2- Young & Active
TX000244,78.33,Credit,Memphis,Online,56.0,Engineer,189.0,7255.33,4.373616367313912,1,C1 - Saver 
TX000245,40.66,Debit,Louisville,Branch,59.0,Retired,156.0,1153.84,3.729541435832826,1,C1 - Saver 
TX000246,97.22,Credit,Atlanta,Branch,77.0,Retired,55.0,6647.73,4.5872098606110985,1,C1 - Saver 
TX000247,34.07,Debit,Philadelphia,Branch,22.0,Student,81.0,8709.77,3.5573460641520867,2,C2- Young & Active
TX000248,492.06,Debit,Fresno,Online,23.0,Student,74.0,857.9,6.200630870491333,2,C2- Young & Active
TX000249,842.01,Credit,Virginia Beach,Online,53.0,Doctor,185.0,509.45,6.7369788203277015,0,C0 - High Spender  
TX000250,73.55,Debit,Atlanta,ATM,51.0,Engineer,158.0,2812.06,4.311470041210748,1,C1 - Saver 
TX000251,760.53,Debit,Phoenix,Online,57.0,Engineer,118.0,6179.91,6.635329567488305,0,C0 - High Spender  
TX000253,371.69,Debit,San Francisco,Branch,67.0,Retired,143.0,3484.32,5.920746974893695,1,C1 - Saver 
TX000254,218.96,Debit,Seattle,ATM,18.0,Student,13.0,754.21,5.393445711639614,2,C2- Young & Active
TX000255,227.39,Debit,Atlanta,Online,18.0,Student,65.0,751.09,5.431054693986231,2,C2- Young & Active
TX000256,237.99,Credit,Kansas City,Branch,39.0,Doctor,86.0,8510.09,5.476421710051968,1,C1 - Saver 
TX000258,341.15,Debit,San Jose,Online,18.0,Student,148.0,511.37,5.835249237398506,2,C2- Young & Active
TX000259,434.58,Debit,Memphis,ATM,59.0,Doctor,215.0,12648.32,6.076678476322463,1,C1 - Saver 
TX000260,312.88,Credit,Portland,Branch,54.0,Engineer,44.0,233.21,5.749010747259272,2,C2- Young & Active
TX000261,75.15,Debit,Boston,ATM,23.0,Student,154.0,1092.92,4.332705079341171,2,C2- Young & Active
TX000262,23.3,Debit,Los Angeles,ATM,59.0,Engineer,161.0,6711.15,3.190476350346503,1,C1 - Saver 
TX000263,47.38,Credit,Seattle,Online,25.0,Student,61.0,459.37,3.8790865051818813,2,C2- Young & Active
TX000264,512.81,Debit,Sacramento,Branch,79.0,Retired,30.0,6994.34,6.241853547312387,1,C1 - Saver 
TX000265,488.15,Debit,Louisville,Branch,43.0,Engineer,168.0,7071.09,6.1926691909034375,1,C1 - Saver 
TX000266,12.82,Debit,Fort Worth,ATM,44.0,Engineer,156.0,9045.19,2.626116818339524,1,C1 - Saver 
TX000267,66.9,Credit,Charlotte,Online,79.0,Retired,129.0,5238.71,4.21803603456465,1,C1 - Saver 
TX000268,535.91,Debit,Las Vegas,Online,43.0,Engineer,22.0,9642.12,6.285830482697427,1,C1 - Saver 
TX000269,270.72,Credit,Washington,Online,26.0,Engineer,53.0,6263.96,5.604772124323102,2,C2- Young & Active
TX000270,97.98,Debit,Denver,Branch,72.0,Retired,18.0,7460.33,4.59491780952374,1,C1 - Saver 
TX000271,196.08,Debit,San Francisco,Online,61.0,Retired,98.0,4233.82,5.2836097376757625,1,C1 - Saver 
TX000272,251.18,Debit,San Jose,ATM,42.0,Engineer,246.0,8303.9,5.53014311824508,1,C1 - Saver 
TX000273,44.52,Debit,El Paso,Online,28.0,Student,205.0,314.28,3.8181517898180757,2,C2- Young & Active
TX000274,178.87,Debit,Baltimore,Online,35.0,Doctor,180.0,5241.23,5.1922343677398795,2,C2- Young & Active
TX000275,1176.28,Credit,Kansas City,ATM,54.0,Engineer,174.0,323.69,7.070961971916409,0,C0 - High Spender  
TX000276,386.68,Debit,New York,Branch,46.0,Doctor,128.0,6863.06,5.960180257068216,1,C1 - Saver 
TX000277,167.14,Debit,Denver,Online,76.0,Retired,20.0,3877.73,5.124796965707151,1,C1 - Saver 
TX000278,345.22,Debit,Fresno,Branch,69.0,Retired,253.0,4046.58,5.847074411148584,1,C1 - Saver 
TX000279,74.85,Debit,Raleigh,ATM,72.0,Retired,117.0,2409.73,4.328757705794541,1,C1 - Saver 
TX000280,671.73,Debit,Washington,Branch,58.0,Engineer,54.0,5211.88,6.511344060439727,0,C0 - High Spender  
TX000281,255.04,Debit,Seattle,ATM,45.0,Engineer,152.0,6217.86,5.545333682273802,1,C1 - Saver 
TX000282,45.77,Debit,Philadelphia,Online,25.0,Student,109.0,5978.12,3.845241971737795,2,C2- Young & Active
TX000283,329.69,Credit,San Antonio,Online,26.0,Student,66.0,1671.66,5.801181380643333,2,C2- Young & Active
TX000284,362.04,Credit,Philadelphia,Branch,58.0,Doctor,198.0,8421.88,5.894513021031532,1,C1 - Saver 
TX000286,47.42,Debit,San Diego,ATM,64.0,Doctor,28.0,8253.52,3.8799129515099127,1,C1 - Saver 
TX000287,35.99,Debit,Miami,Branch,63.0,Retired,129.0,4489.79,3.610647605844363,1,C1 - Saver 
TX000288,151.19,Credit,New York,Branch,37.0,Doctor,96.0,11903.82,5.025129740246708,1,C1 - Saver 
TX000289,242.62,Credit,San Francisco,Online,22.0,Student,234.0,483.02,5.495609634271813,2,C2- Young & Active
TX000290,48.72,Debit,Virginia Beach,Branch,21.0,Student,17.0,816.08,3.9064072666425105,2,C2- Young & Active
TX000291,43.46,Debit,Boston,ATM,25.0,Student,80.0,578.06,3.7945899085360506,2,C2- Young & Active
TX000292,1036.21,Debit,Omaha,Online,25.0,Student,126.0,477.3,6.944289694960107,0,C0 - High Spender  
TX000293,443.79,Debit,Las Vegas,ATM,53.0,Retired,87.0,3133.85,6.09760226066926,1,C1 - Saver 
TX000294,365.14,Debit,Dallas,Online,68.0,Retired,57.0,5894.09,5.903015773922869,1,C1 - Saver 
TX000295,757.41,Debit,Los Angeles,ATM,22.0,Student,37.0,9532.42,6.631224136507891,0,C0 - High Spender  
TX000296,20.54,Debit,Fort Worth,Branch,51.0,Engineer,72.0,5327.03,3.0699116717282426,1,C1 - Saver 
TX000297,475.36,Debit,Phoenix,ATM,34.0,Engineer,105.0,2000.6,6.1661738708997955,2,C2- Young & Active
TX000298,34.74,Debit,San Francisco,ATM,56.0,Retired,24.0,6827.57,3.576270509731282,1,C1 - Saver 
TX000300,211.18,Debit,Washington,ATM,73.0,Retired,90.0,4069.17,5.357434971031125,1,C1 - Saver 
TX000301,211.36,Credit,Fort Worth,Branch,51.0,Engineer,286.0,7943.47,5.3582829477154705,1,C1 - Saver 
TX000302,744.41,Credit,Houston,Online,39.0,Engineer,107.0,8842.47,6.613934402570946,0,C0 - High Spender  
TX000303,61.43,Debit,Phoenix,Online,24.0,Student,170.0,1882.77,4.134045929073653,2,C2- Young & Active
TX000304,167.44,Debit,Mesa,Branch,37.0,Doctor,82.0,12526.71,5.126579603293727,1,C1 - Saver 
TX000305,361.46,Debit,Nashville,Online,21.0,Student,83.0,4737.84,5.892914123378705,2,C2- Young & Active
TX000306,378.85,Debit,Virginia Beach,Branch,78.0,Retired,126.0,2300.53,5.939776437949231,1,C1 - Saver 
TX000307,241.11,Debit,Columbus,Branch,30.0,Doctor,55.0,12385.05,5.489392168336741,1,C1 - Saver 
TX000308,131.93,Credit,Fort Worth,Branch,31.0,Engineer,13.0,4547.06,4.889822673879507,2,C2- Young & Active
TX000309,20.28,Debit,Oklahoma City,Online,36.0,Engineer,213.0,2047.83,3.0577676644734435,2,C2- Young & Active
TX000310,415.88,Debit,San Diego,Branch,70.0,Doctor,170.0,10008.33,6.032798410600959,1,C1 - Saver 
TX000312,1221.65,Debit,Denver,Online,27.0,Student,153.0,243.92,7.108775913208576,0,C0 - High Spender  
TX000313,100.66,Debit,Dallas,Branch,50.0,Doctor,144.0,14473.33,4.621633912018757,1,C1 - Saver 
TX000314,485.54,Debit,Louisville,Online,19.0,Student,148.0,1533.32,6.187319118184521,2,C2- Young & Active
TX000315,321.15,Debit,Los Angeles,Branch,46.0,Doctor,179.0,7005.05,5.775017275584651,1,C1 - Saver 
TX000316,711.3,Debit,San Jose,Branch,21.0,Student,51.0,955.4,6.568499170984308,2,C2- Young & Active
TX000317,12.23,Debit,Houston,ATM,42.0,Engineer,139.0,7844.88,2.5824869781268642,1,C1 - Saver 
TX000318,350.94,Debit,Colorado Springs,ATM,20.0,Student,64.0,221.56,5.8634607065236155,2,C2- Young & Active
TX000319,301.85,Debit,Columbus,Online,54.0,Engineer,25.0,6586.19,5.713237633426957,1,C1 - Saver 
TX000320,29.34,Debit,Louisville,Online,65.0,Retired,30.0,3944.82,3.4124669739203863,1,C1 - Saver 
TX000321,231.71,Debit,Raleigh,Branch,27.0,Student,148.0,1127.98,5.44979304317089,2,C2- Young & Active
TX000322,179.43,Debit,Oklahoma City,ATM,58.0,Retired,244.0,2626.63,5.195342890920207,1,C1 - Saver 
TX000323,36.71,Debit,Jacksonville,Branch,48.0,Doctor,55.0,6459.38,3.6299253112702656,1,C1 - Saver 
TX000324,138.12,Credit,Los Angeles,Branch,53.0,Doctor,281.0,1649.69,4.935336870046028,1,C1 - Saver 
TX000325,233.24,Debit,Louisville,ATM,33.0,Engineer,72.0,6939.23,5.4563462307729464,1,C1 - Saver 
TX000326,609.14,Debit,Tucson,ATM,39.0,Engineer,177.0,9033.87,6.413688439031101,0,C0 - High Spender  
TX000327,436.64,Debit,Los Angeles,Branch,31.0,Doctor,111.0,14365.18,6.081396654608589,1,C1 - Saver 
TX000328,870.43,Debit,Los Angeles,Branch,29.0,Doctor,55.0,10115.18,6.770135540449008,0,C0 - High Spender  
TX000329,354.4,Debit,Chicago,ATM,74.0,Retired,128.0,7358.65,5.8732439157205505,1,C1 - Saver 
TX000330,22.63,Debit,Kansas City,Online,53.0,Engineer,112.0,4438.03,3.1625170911988163,1,C1 - Saver 
TX000331,182.19,Debit,Mesa,Branch,26.0,Student,53.0,1176.1,5.210523865597368,2,C2- Young & Active
TX000332,126.81,Debit,Philadelphia,Branch,26.0,Engineer,290.0,5427.98,4.850544786143623,2,C2- Young & Active
TX000333,288.17,Debit,Virginia Beach,Online,37.0,Engineer,50.0,3653.11,5.667014750463987,2,C2- Young & Active
TX000334,118.77,Debit,Atlanta,Branch,55.0,Engineer,123.0,2104.82,4.785573236959415,1,C1 - Saver 
TX000335,651.82,Debit,Indianapolis,ATM,21.0,Student,166.0,1802.77,6.481301440435488,2,C2- Young & Active
TX000336,66.65,Debit,Detroit,ATM,37.0,Engineer,33.0,3559.96,4.214347354616797,2,C2- Young & Active
TX000337,98.53,Debit,Denver,Branch,69.0,Retired,166.0,3564.8,4.600459106257972,1,C1 - Saver 
TX000338,138.95,Debit,Washington,Online,71.0,Retired,30.0,6752.92,4.941285215961463,1,C1 - Saver 
TX000339,33.89,Debit,Nashville,Branch,26.0,Student,177.0,1444.75,3.5522002551986827,2,C2- Young & Active
TX000340,23.71,Debit,Atlanta,Branch,58.0,Doctor,164.0,10788.89,3.2072080200005186,1,C1 - Saver 
TX000341,1830.0,Debit,San Antonio,Online,55.0,Engineer,238.0,2235.7,7.5126175446745105,0,C0 - High Spender  
TX000342,26.06,Debit,San Diego,ATM,65.0,Doctor,283.0,12893.63,3.2980566227426418,1,C1 - Saver 
TX000343,17.07,Debit,Los Angeles,Branch,27.0,Engineer,44.0,2798.15,2.8942531046041373,2,C2- Young & Active
TX000344,703.89,Debit,San Antonio,Online,46.0,Engineer,62.0,3583.67,6.558041762269782,0,C0 - High Spender  
TX000345,1271.9,Debit,Houston,ATM,47.0,Engineer,155.0,2120.8,7.149053040876389,0,C0 - High Spender  
TX000346,26.55,Debit,Houston,ATM,77.0,Retired,228.0,3085.38,3.3160025355989236,1,C1 - Saver 
TX000347,147.4,Debit,San Jose,Branch,42.0,Engineer,259.0,6797.71,4.99991133073328,1,C1 - Saver 
TX000348,202.11,Debit,Memphis,ATM,27.0,Student,18.0,746.47,5.3137477042033945,2,C2- Young & Active
TX000349,308.42,Debit,Nashville,Branch,75.0,Retired,39.0,5427.81,5.734699577290923,1,C1 - Saver 
TX000350,11.18,Debit,Miami,ATM,53.0,Engineer,144.0,7467.3,2.4997952622817508,1,C1 - Saver 
TX000351,294.15,Debit,Fresno,Online,38.0,Engineer,136.0,6362.16,5.687483701686698,1,C1 - Saver 
TX000353,139.45,Debit,Boston,Online,27.0,Student,31.0,1305.76,4.944851553550253,2,C2- Young & Active
TX000354,432.63,Debit,Colorado Springs,ATM,29.0,Doctor,137.0,13648.36,6.072191635923926,1,C1 - Saver 
TX000355,131.43,Debit,Charlotte,Online,43.0,Doctor,65.0,1337.5,4.8860542039388735,2,C2- Young & Active
TX000356,516.72,Debit,Mesa,ATM,42.0,Engineer,128.0,2015.69,6.249434555574237,2,C2- Young & Active
TX000357,121.82,Debit,Colorado Springs,Online,69.0,Doctor,123.0,8354.54,4.810719868901253,1,C1 - Saver 
TX000358,374.5,Credit,San Francisco,Branch,26.0,Student,178.0,1671.51,5.928258471204189,2,C2- Young & Active
TX000359,166.13,Debit,Omaha,ATM,68.0,Doctor,227.0,11822.53,5.1187719527008335,1,C1 - Saver 
TX000360,626.9,Debit,Chicago,ATM,23.0,Student,146.0,587.11,6.4423809181200635,2,C2- Young & Active
TX000361,466.85,Debit,Austin,Branch,56.0,Retired,165.0,5422.53,6.148147731721922,1,C1 - Saver 
TX000362,788.84,Debit,Phoenix,Online,58.0,Retired,231.0,1913.73,6.671830393303194,0,C0 - High Spender  
TX000363,873.65,Credit,Oklahoma City,Online,37.0,Doctor,59.0,12139.83,6.773823806336274,0,C0 - High Spender  
TX000364,525.28,Debit,Colorado Springs,ATM,69.0,Retired,134.0,4693.6,6.2658333904976375,1,C1 - Saver 
TX000366,632.69,Debit,Denver,ATM,80.0,Retired,76.0,4363.74,6.451559875867261,0,C0 - High Spender  
TX000367,124.35,Debit,Oklahoma City,ATM,72.0,Retired,90.0,3319.76,4.831109824604303,1,C1 - Saver 
TX000368,43.85,Debit,Fresno,ATM,62.0,Retired,122.0,4356.98,3.803323588504805,1,C1 - Saver 
TX000369,283.81,Debit,San Diego,Branch,28.0,Student,29.0,1519.35,5.651822291280947,2,C2- Young & Active
TX000370,168.53,Debit,San Francisco,ATM,71.0,Retired,112.0,5962.58,5.133029902309862,1,C1 - Saver 
TX000371,218.59,Credit,Denver,Branch,40.0,Engineer,123.0,6699.23,5.3917621712579,1,C1 - Saver 
TX000372,132.84,Debit,Oklahoma City,ATM,21.0,Student,143.0,822.73,4.896645056678569,2,C2- Young & Active
TX000373,157.37,Credit,Dallas,Branch,42.0,Doctor,289.0,13964.31,5.064934067503635,1,C1 - Saver 
TX000374,144.77,Debit,Albuquerque,Online,20.0,Student,159.0,867.32,4.982030037085921,2,C2- Young & Active
TX000375,643.22,Debit,Atlanta,ATM,64.0,Doctor,93.0,1035.86,6.4680402826740995,0,C0 - High Spender  
TX000376,1392.54,Debit,El Paso,Branch,41.0,Doctor,297.0,13347.69,7.239602551210425,0,C0 - High Spender  
TX000377,208.07,Debit,Oklahoma City,Online,32.0,Doctor,36.0,8478.9,5.342669124118537,1,C1 - Saver 
TX000378,94.3,Debit,Phoenix,Branch,57.0,Doctor,57.0,11088.95,4.557029810660157,1,C1 - Saver 
TX000379,295.5,Debit,Mesa,ATM,59.0,Retired,36.0,6280.66,5.69204721843778,1,C1 - Saver 
TX000380,30.23,Debit,Austin,ATM,44.0,Doctor,99.0,481.13,3.441379171294987,2,C2- Young & Active
TX000381,112.05,Credit,Phoenix,ATM,26.0,Student,159.0,1122.88,4.727830198723979,2,C2- Young & Active
TX000382,180.24,Debit,Phoenix,Branch,58.0,Engineer,144.0,8431.23,5.199822119798937,1,C1 - Saver 
TX000383,13.71,Credit,Denver,Online,38.0,Engineer,148.0,8342.79,2.688527534613346,1,C1 - Saver 
TX000384,96.54,Debit,New York,Branch,58.0,Retired,95.0,7182.22,4.5802625502819065,1,C1 - Saver 
TX000385,79.35,Debit,Los Angeles,Online,67.0,Retired,70.0,1692.15,4.386392092183521,1,C1 - Saver 
TX000386,101.04,Debit,San Antonio,ATM,27.0,Student,160.0,1695.57,4.625364893273611,2,C2- Young & Active
TX000387,74.42,Debit,El Paso,Online,49.0,Engineer,68.0,6264.21,4.323072491830211,1,C1 - Saver 
TX000388,39.66,Debit,Virginia Beach,Branch,52.0,Engineer,169.0,8497.34,3.7052448082002005,1,C1 - Saver 
TX000389,99.36,Debit,Seattle,ATM,40.0,Doctor,46.0,1272.12,4.608763721498222,2,C2- Young & Active
TX000390,123.85,Debit,Las Vegas,Online,56.0,Engineer,244.0,3959.62,4.827113016725782,1,C1 - Saver 
TX000391,426.93,Debit,Omaha,ATM,19.0,Student,248.0,476.19,6.058959630803939,2,C2- Young & Active
TX000392,133.73,Credit,San Jose,Online,25.0,Student,123.0,1872.22,4.903272775767756,2,C2- Young & Active
TX000393,222.39,Debit,Virginia Beach,Online,49.0,Engineer,73.0,3117.39,5.408919122875832,1,C1 - Saver 
TX000394,215.94,Credit,Virginia Beach,Online,22.0,Student,140.0,1841.69,5.3796208176120714,2,C2- Young & Active
TX000395,6.3,Debit,Columbus,Branch,80.0,Retired,283.0,7697.68,1.9878743481543455,1,C1 - Saver 
TX000396,826.23,Debit,Colorado Springs,ATM,29.0,Doctor,209.0,7580.59,6.7180827700211,0,C0 - High Spender  
TX000398,131.46,Debit,Charlotte,Branch,67.0,Retired,258.0,6642.33,4.886280713056833,1,C1 - Saver 
TX000399,202.86,Credit,Memphis,Branch,61.0,Doctor,149.0,7642.25,5.317433483740267,1,C1 - Saver 
TX000400,268.39,Debit,Miami,ATM,26.0,Student,171.0,136.74,5.596160143762447,2,C2- Young & Active
TX000401,194.85,Debit,Jacksonville,Online,23.0,Student,130.0,319.84,5.27734906011184,2,C2- Young & Active
TX000403,712.75,Debit,Philadelphia,Branch,44.0,Doctor,25.0,8126.06,6.57053276097022,0,C0 - High Spender  
TX000404,353.82,Debit,Milwaukee,ATM,42.0,Doctor,143.0,705.75,5.871610618632502,2,C2- Young & Active
TX000406,212.74,Debit,Seattle,Branch,27.0,Engineer,128.0,7645.47,5.364760323096751,2,C2- Young & Active
TX000407,364.42,Debit,Colorado Springs,ATM,51.0,Engineer,146.0,8119.73,5.901047376983519,1,C1 - Saver 
TX000408,195.12,Debit,Louisville,ATM,46.0,Doctor,144.0,6101.15,5.278726716783033,1,C1 - Saver 
TX000409,230.61,Debit,Raleigh,Branch,80.0,Retired,204.0,2561.42,5.4450549226596205,1,C1 - Saver 
TX000410,739.28,Credit,Tucson,Branch,58.0,Doctor,47.0,11905.64,6.6070284930095475,0,C0 - High Spender  
TX000411,390.35,Credit,Omaha,ATM,64.0,Doctor,61.0,7095.88,5.969602300250847,1,C1 - Saver 
TX000412,242.03,Debit,Dallas,Online,58.0,Engineer,124.0,4382.73,5.493184892510509,1,C1 - Saver 
TX000413,242.39,Credit,San Antonio,ATM,18.0,Student,271.0,1328.73,5.494665095075083,2,C2- Young & Active
TX000414,135.03,Debit,San Francisco,ATM,23.0,Student,180.0,1278.0,4.912875449645338,2,C2- Young & Active
TX000416,193.54,Debit,Oklahoma City,Branch,80.0,Retired,267.0,2929.51,5.270637797441294,1,C1 - Saver 
TX000418,775.23,Credit,Albuquerque,Online,59.0,Doctor,38.0,5977.59,6.654448868020438,0,C0 - High Spender  
TX000419,266.57,Debit,El Paso,ATM,72.0,Retired,100.0,7676.92,5.589381214346226,1,C1 - Saver 
TX000420,153.4,Debit,Mesa,ATM,45.0,Engineer,144.0,4657.7,5.039546637590676,1,C1 - Saver 
TX000421,946.94,Debit,Charlotte,Branch,53.0,Retired,251.0,5579.11,6.854291209112812,0,C0 - High Spender  
TX000422,5.12,Debit,New York,Branch,34.0,Engineer,90.0,3293.01,1.8115620965242347,2,C2- Young & Active
TX000423,119.11,Debit,Detroit,ATM,57.0,Engineer,131.0,7998.25,4.788407989566399,1,C1 - Saver 
TX000424,1096.7,Debit,Colorado Springs,Online,24.0,Student,147.0,1093.89,7.000972360693271,0,C0 - High Spender  
TX000425,119.72,Debit,Tucson,Branch,30.0,Engineer,123.0,3435.34,4.793473814459594,2,C2- Young & Active
TX000426,107.4,Debit,Virginia Beach,Online,58.0,Doctor,32.0,344.07,4.685828089005546,2,C2- Young & Active
TX000427,115.92,Debit,Raleigh,ATM,53.0,Retired,57.0,3897.17,4.761489940243045,1,C1 - Saver 
TX000428,438.04,Debit,Philadelphia,ATM,67.0,Retired,247.0,5358.95,6.0845905250974655,1,C1 - Saver 
TX000429,677.29,Debit,Houston,Online,27.0,Engineer,287.0,627.79,6.519574925104157,2,C2- Young & Active
TX000430,296.0,Debit,Las Vegas,Branch,35.0,Doctor,248.0,7418.82,5.6937321388027,1,C1 - Saver 
TX000431,299.09,Credit,Boston,Branch,36.0,Engineer,84.0,5615.26,5.704082429665199,2,C2- Young & Active
TX000432,461.52,Credit,Denver,Branch,24.0,Student,44.0,1995.18,6.136689799260761,2,C2- Young & Active
TX000433,100.52,Debit,Las Vegas,ATM,50.0,Engineer,110.0,453.39,4.620255823406132,2,C2- Young & Active
TX000434,85.35,Debit,Washington,ATM,66.0,Retired,166.0,2173.76,4.458408804592688,1,C1 - Saver 
TX000435,79.76,Debit,Raleigh,Branch,39.0,Engineer,170.0,6452.14,4.391481793444637,1,C1 - Saver 
TX000436,778.49,Credit,Omaha,Online,75.0,Retired,107.0,7713.67,6.658639859679173,0,C0 - High Spender  
TX000437,386.38,Debit,Phoenix,Online,42.0,Engineer,135.0,5528.36,5.959406123414093,1,C1 - Saver 
TX000438,165.25,Debit,Sacramento,Online,35.0,Doctor,106.0,9939.94,5.113492679535963,1,C1 - Saver 
TX000439,14.29,Debit,Los Angeles,ATM,34.0,Engineer,150.0,7016.99,2.727199019940971,1,C1 - Saver 
TX000440,232.79,Credit,Indianapolis,Branch,55.0,Retired,145.0,2661.3,5.454423276523579,1,C1 - Saver 
TX000441,1237.56,Credit,Austin,Branch,60.0,Engineer,159.0,9410.17,7.121704693456404,0,C0 - High Spender  
TX000442,92.29,Debit,Albuquerque,Branch,54.0,Engineer,115.0,2026.32,4.53571292097287,1,C1 - Saver 
TX000443,293.97,Debit,Phoenix,Branch,68.0,Retired,153.0,7371.85,5.686873656253288,1,C1 - Saver 
TX000444,136.32,Debit,Miami,Online,19.0,Student,113.0,264.83,4.922313968589491,2,C2- Young & Active
TX000445,251.06,Debit,Colorado Springs,Online,36.0,Doctor,34.0,10001.66,5.529667154409346,1,C1 - Saver 
TX000446,50.17,Credit,Sacramento,ATM,77.0,Retired,35.0,7752.14,3.9351534228170006,1,C1 - Saver 
TX000447,21.4,Debit,Fresno,Branch,34.0,Engineer,258.0,9594.11,3.109060958860994,1,C1 - Saver 
TX000448,73.28,Debit,Boston,Branch,21.0,Student,21.0,1329.41,4.307841736484505,2,C2- Young & Active
TX000449,70.23,Debit,Memphis,ATM,38.0,Doctor,260.0,11624.93,4.265914077990263,1,C1 - Saver 
TX000450,689.29,Debit,El Paso,ATM,22.0,Student,100.0,168.84,6.5371117991493355,2,C2- Young & Active
TX000451,745.03,Debit,Fort Worth,Online,28.0,Student,231.0,160.57,6.614765813872392,0,C0 - High Spender  
TX000452,54.61,Debit,Milwaukee,ATM,58.0,Engineer,160.0,7135.64,4.018363041199472,1,C1 - Saver 
TX000453,54.05,Debit,Louisville,Branch,27.0,Student,146.0,469.14,4.0082418631686885,2,C2- Young & Active
TX000454,107.47,Debit,Austin,Online,67.0,Retired,144.0,7517.5,4.686473637052126,1,C1 - Saver 
TX000455,611.11,Debit,Detroit,ATM,20.0,Student,282.0,919.84,6.416912004923377,2,C2- Young & Active
TX000456,219.63,Debit,Charlotte,ATM,48.0,Doctor,44.0,8013.63,5.396487090320281,1,C1 - Saver 
TX000458,93.52,Debit,Philadelphia,Online,51.0,Engineer,97.0,2791.2,4.548811452318707,1,C1 - Saver 
TX000459,275.92,Credit,Nashville,Branch,62.0,Retired,107.0,1777.38,5.623728655809825,1,C1 - Saver 
TX000460,376.79,Debit,Milwaukee,Branch,68.0,Retired,265.0,7749.14,5.934338485685865,1,C1 - Saver 
TX000462,697.32,Debit,Atlanta,Online,68.0,Retired,91.0,2016.02,6.548677450427094,0,C0 - High Spender  
TX000464,302.16,Debit,Kansas City,Online,80.0,Retired,138.0,3876.61,5.714260718943828,1,C1 - Saver 
TX000465,442.74,Debit,San Diego,Branch,23.0,Student,136.0,1790.27,6.095238805324437,2,C2- Young & Active
TX000466,623.9,Debit,San Jose,ATM,27.0,Student,249.0,711.47,6.437591636935036,2,C2- Young & Active
TX000467,445.41,Debit,Fresno,ATM,35.0,Doctor,235.0,12154.66,6.1012378122498845,1,C1 - Saver 
TX000468,63.41,Debit,Fort Worth,ATM,26.0,Student,36.0,1546.22,4.165268900558799,2,C2- Young & Active
TX000469,346.85,Debit,Kansas City,ATM,44.0,Doctor,88.0,7208.15,5.85177135236965,1,C1 - Saver 
TX000471,7.5,Debit,Dallas,Online,63.0,Retired,36.0,6485.78,2.1400661634962708,1,C1 - Saver 
TX000472,206.46,Debit,Virginia Beach,ATM,65.0,Retired,279.0,3984.38,5.334938550003682,1,C1 - Saver 
TX000473,423.11,Debit,Columbus,ATM,60.0,Engineer,47.0,412.78,6.049992855547051,1,C1 - Saver 
TX000474,35.84,Credit,Colorado Springs,Online,54.0,Retired,172.0,4795.65,3.6065842113871063,1,C1 - Saver 
TX000475,88.6,Credit,Raleigh,Branch,28.0,Student,105.0,246.57,4.4953553199808844,2,C2- Young & Active
TX000476,1431.3,Debit,Oklahoma City,ATM,18.0,Student,168.0,1058.13,7.267036822785819,0,C0 - High Spender  
TX000478,22.46,Debit,New York,Online,54.0,Retired,78.0,6631.5,3.1552968432253294,1,C1 - Saver 
TX000479,334.89,Debit,Fort Worth,Online,21.0,Student,260.0,1661.68,5.81678372540998,2,C2- Young & Active
TX000480,319.27,Credit,Omaha,Online,54.0,Retired,59.0,5504.01,5.76916439003684,1,C1 - Saver 
TX000481,144.3,Debit,Oklahoma City,ATM,18.0,Student,88.0,312.19,4.9788005705762375,2,C2- Young & Active
TX000482,348.7,Credit,Fresno,Branch,69.0,Retired,149.0,2445.58,5.85707564406933,1,C1 - Saver 
TX000483,366.21,Debit,Oklahoma City,ATM,62.0,Doctor,181.0,10862.99,5.90593389149099,1,C1 - Saver 
TX000484,99.11,Debit,Philadelphia,Online,55.0,Retired,12.0,5414.87,4.606269581431392,1,C1 - Saver 
TX000485,539.35,Debit,Milwaukee,ATM,55.0,Retired,127.0,3919.44,6.292217077749175,0,C0 - High Spender  
TX000486,188.99,Debit,Oklahoma City,Branch,58.0,Engineer,92.0,7315.34,5.246971439196448,1,C1 - Saver 
TX000487,1416.69,Debit,Nashville,ATM,46.0,Engineer,58.0,3740.73,7.256784065420216,0,C0 - High Spender  
TX000488,710.14,Debit,El Paso,ATM,26.0,Student,227.0,465.63,6.566869316186371,2,C2- Young & Active
TX000489,308.68,Debit,Milwaukee,Online,53.0,Doctor,170.0,9992.36,5.735539506269393,1,C1 - Saver 
TX000490,166.68,Debit,Mesa,ATM,57.0,Retired,139.0,5141.19,5.122057401132677,1,C1 - Saver 
TX000492,505.19,Debit,Kansas City,ATM,30.0,Doctor,128.0,5326.68,6.226912092878356,2,C2- Young & Active
TX000493,66.58,Debit,Raleigh,Branch,23.0,Student,79.0,1636.32,4.213312081286144,2,C2- Young & Active
TX000494,223.43,Debit,Dallas,Branch,77.0,Retired,178.0,7932.41,5.413563854552423,1,C1 - Saver 
TX000495,659.95,Debit,Detroit,Online,60.0,Engineer,114.0,3927.69,6.493678194025409,0,C0 - High Spender  
TX000496,634.86,Debit,Chicago,ATM,27.0,Student,45.0,588.5,6.4549784133227215,2,C2- Young & Active
TX000497,286.5,Credit,Boston,Branch,30.0,Engineer,60.0,8517.95,5.661222860237405,1,C1 - Saver 
TX000498,322.96,Credit,Philadelphia,Branch,76.0,Retired,168.0,2401.59,5.780620051380789,1,C1 - Saver 
TX000499,654.48,Debit,Columbus,Branch,19.0,Student,114.0,6776.41,6.485367791678024,0,C0 - High Spender  
TX000500,157.97,Debit,Philadelphia,Branch,48.0,Doctor,140.0,5529.92,5.06871550517278,1,C1 - Saver 
TX000502,254.77,Debit,Denver,Branch,57.0,Engineer,57.0,5994.87,5.5442786031426925,1,C1 - Saver 
TX000503,795.96,Debit,Raleigh,Online,65.0,Retired,119.0,5468.58,6.680804489324974,0,C0 - High Spender  
TX000504,149.25,Debit,Omaha,ATM,39.0,Engineer,142.0,5677.52,5.012300573415317,1,C1 - Saver 
TX000506,68.19,Credit,Fresno,Online,40.0,Doctor,189.0,9895.1,4.23685634351072,1,C1 - Saver 
TX000508,37.57,Debit,El Paso,ATM,57.0,Retired,42.0,7739.54,3.6524747722201365,1,C1 - Saver 
TX000509,127.0,Credit,Nashville,Branch,19.0,Student,68.0,431.16,4.852030263919617,2,C2- Young & Active
TX000511,448.33,Debit,Atlanta,ATM,25.0,Student,161.0,922.19,6.107757584379,2,C2- Young & Active
TX000512,1116.48,Debit,San Diego,ATM,51.0,Engineer,55.0,447.53,7.0188314292358465,0,C0 - High Spender  
TX000513,8.65,Debit,Las Vegas,Online,48.0,Doctor,273.0,10778.35,2.2669579153508947,1,C1 - Saver 
TX000515,539.81,Debit,San Francisco,Online,46.0,Engineer,177.0,2051.25,6.2930680156820555,0,C0 - High Spender  
TX000516,363.53,Debit,Kansas City,ATM,63.0,Retired,142.0,1038.91,5.89860885258863,1,C1 - Saver 
TX000517,64.9,Credit,Detroit,Branch,51.0,Retired,72.0,6854.61,4.188138441508461,1,C1 - Saver 
TX000518,358.18,Debit,Boston,ATM,18.0,Student,157.0,619.86,5.88382365559059,2,C2- Young & Active
TX000519,167.2,Debit,San Antonio,Branch,30.0,Doctor,84.0,11320.83,5.125153747538848,1,C1 - Saver 
TX000520,121.91,Debit,Chicago,Branch,60.0,Doctor,133.0,14510.8,4.811452380226889,1,C1 - Saver 
TX000521,137.57,Debit,Louisville,Online,54.0,Engineer,70.0,5103.67,4.931375613110624,1,C1 - Saver 
TX000522,534.62,Debit,Oklahoma City,Online,55.0,Doctor,45.0,13793.53,6.283424954419326,1,C1 - Saver 
TX000523,463.92,Debit,Mesa,Online,50.0,Engineer,199.0,2403.39,6.141865347775507,2,C2- Young & Active
TX000524,320.14,Debit,Milwaukee,Online,60.0,Retired,96.0,3075.97,5.771877165121539,1,C1 - Saver 
TX000525,214.93,Debit,Albuquerque,Online,28.0,Student,52.0,7835.4,5.37495428108674,2,C2- Young & Active
TX000526,660.02,Debit,Nashville,Branch,20.0,Student,84.0,414.43,6.493784096580028,2,C2- Young & Active
TX000527,345.81,Debit,Raleigh,Branch,40.0,Engineer,135.0,6116.8,5.848777079554101,1,C1 - Saver 
TX000528,143.54,Debit,Philadelphia,ATM,71.0,Retired,80.0,6067.62,4.973556285854835,1,C1 - Saver 
TX000529,42.55,Debit,Seattle,Branch,53.0,Engineer,29.0,7341.43,3.7739097032985116,1,C1 - Saver 
TX000530,1063.25,Credit,Omaha,Online,21.0,Student,128.0,1240.71,6.970025604708262,0,C0 - High Spender  
TX000531,541.79,Debit,Mesa,ATM,22.0,Student,125.0,1454.08,6.296722504799114,2,C2- Young & Active
TX000532,40.57,Debit,Columbus,Branch,26.0,Student,63.0,1476.91,3.727378753264546,2,C2- Young & Active
TX000533,120.24,Debit,Milwaukee,Branch,18.0,Student,131.0,1943.13,4.797772052189602,2,C2- Young & Active
TX000534,498.67,Debit,Miami,Online,28.0,Student,244.0,1719.97,6.213947880526312,2,C2- Young & Active
TX000535,227.22,Debit,El Paso,ATM,53.0,Doctor,220.0,832.82,5.430310076006534,2,C2- Young & Active
TX000536,1182.86,Debit,Tucson,Online,30.0,Engineer,34.0,7696.16,7.076535565209424,0,C0 - High Spender  
TX000539,59.44,Debit,Chicago,Online,35.0,Engineer,176.0,5472.03,4.101651137404539,2,C2- Young & Active
TX000540,186.69,Debit,New York,Branch,30.0,Engineer,54.0,8602.22,5.234791665668158,1,C1 - Saver 
TX000541,230.46,Debit,Mesa,Online,19.0,Student,179.0,162.53,5.444407072419931,2,C2- Young & Active
TX000542,65.09,Credit,Seattle,Online,44.0,Engineer,159.0,9370.9,4.191017449482361,1,C1 - Saver 
TX000543,457.09,Credit,Nashville,Online,55.0,Engineer,63.0,8570.82,6.12706567135952,1,C1 - Saver 
TX000544,552.02,Credit,Chicago,ATM,44.0,Engineer,100.0,522.08,6.315394167233628,2,C2- Young & Active
TX000545,377.12,Debit,Houston,ATM,34.0,Engineer,61.0,836.67,5.935211605557184,2,C2- Young & Active
TX000546,204.56,Credit,San Diego,Branch,18.0,Student,179.0,364.72,5.325737962124029,2,C2- Young & Active
TX000547,420.28,Debit,Washington,Branch,35.0,Doctor,144.0,8557.32,6.043297695748,1,C1 - Saver 
TX000548,97.09,Debit,Fort Worth,ATM,24.0,Student,202.0,1579.57,4.585885424576224,2,C2- Young & Active
TX000549,124.59,Debit,Charlotte,Branch,27.0,Student,171.0,129.29,4.833022633030035,2,C2- Young & Active
TX000550,73.88,Debit,Charlotte,Online,39.0,Doctor,34.0,6474.41,4.315886832169337,1,C1 - Saver 
TX000552,106.16,Debit,Phoenix,ATM,56.0,Doctor,277.0,7487.79,4.674323044676408,1,C1 - Saver 
TX000553,245.93,Debit,Fresno,Branch,54.0,Engineer,172.0,7986.63,5.509104895652662,1,C1 - Saver 
TX000554,622.41,Debit,Indianapolis,ATM,64.0,Doctor,125.0,7322.01,6.435204408269707,0,C0 - High Spender  
TX000555,43.73,Debit,Omaha,ATM,34.0,Doctor,145.0,9929.43,3.8006444174447567,1,C1 - Saver 
TX000556,1282.86,Debit,Austin,Branch,19.0,Student,68.0,1830.98,7.157626444037326,0,C0 - High Spender  
TX000557,2.03,Credit,Detroit,ATM,33.0,Engineer,28.0,3012.31,1.1085626195212777,2,C2- Young & Active
TX000558,770.65,Debit,Jacksonville,Online,31.0,Doctor,137.0,7198.8,6.64853107934684,0,C0 - High Spender  
TX000559,260.31,Debit,Austin,Branch,63.0,Doctor,113.0,10980.38,5.565707441981806,1,C1 - Saver 
TX000560,356.1,Credit,Fort Worth,Branch,26.0,Student,187.0,868.35,5.878015854600402,2,C2- Young & Active
TX000561,27.07,Credit,Virginia Beach,Branch,80.0,Retired,39.0,3773.29,3.334701390373791,1,C1 - Saver 
TX000562,119.89,Debit,Tucson,ATM,67.0,Doctor,60.0,6697.77,4.794881041213901,1,C1 - Saver 
TX000563,106.39,Debit,Virginia Beach,Online,37.0,Doctor,281.0,9410.99,4.676467067870125,1,C1 - Saver 
TX000564,12.04,Debit,Fort Worth,Online,37.0,Engineer,58.0,6213.32,2.5680215564985067,1,C1 - Saver 
TX000565,365.7,Debit,Houston,Branch,21.0,Student,115.0,368.78,5.90454407507728,2,C2- Young & Active
TX000566,29.38,Credit,Baltimore,Branch,28.0,Student,63.0,1663.31,3.4137844971676268,2,C2- Young & Active
TX000567,319.85,Debit,Denver,ATM,60.0,Doctor,148.0,711.66,5.770973724196525,1,C1 - Saver 
TX000568,350.14,Credit,Los Angeles,Online,75.0,Retired,38.0,2403.25,5.8611850043410625,1,C1 - Saver 
TX000569,163.94,Credit,Virginia Beach,Branch,52.0,Retired,73.0,5957.37,5.105581771405209,1,C1 - Saver 
TX000570,170.53,Debit,Oklahoma City,Branch,24.0,Student,58.0,801.01,5.144758178421734,2,C2- Young & Active
TX000571,262.22,Credit,Baltimore,ATM,40.0,Engineer,136.0,5711.71,5.572990184406177,1,C1 - Saver 
TX000572,41.49,Debit,Albuquerque,Online,24.0,Student,13.0,928.33,3.74926875412672,2,C2- Young & Active
TX000573,121.43,Credit,Sacramento,Branch,52.0,Engineer,243.0,7365.28,4.807539438085824,1,C1 - Saver 
TX000574,350.46,Debit,Nashville,Branch,51.0,Retired,165.0,5839.38,5.8620959067667,1,C1 - Saver 
TX000575,220.41,Credit,El Paso,Online,26.0,Engineer,155.0,5116.98,5.400016186372871,2,C2- Young & Active
TX000576,33.46,Debit,Seattle,ATM,72.0,Retired,111.0,3641.07,3.5397992310997837,1,C1 - Saver 
TX000577,104.79,Debit,Denver,ATM,70.0,Doctor,223.0,1352.19,4.661455996998683,1,C1 - Saver 
TX000578,246.27,Debit,Fresno,Online,29.0,Doctor,141.0,7299.86,5.5104808570190835,2,C2- Young & Active
TX000579,48.85,Debit,Dallas,ATM,19.0,Student,176.0,1503.56,3.9090184964078474,2,C2- Young & Active
TX000580,332.0,Debit,Charlotte,ATM,69.0,Retired,17.0,5943.13,5.808142489980444,1,C1 - Saver 
TX000581,118.1,Debit,Memphis,Online,54.0,Engineer,167.0,895.66,4.779963476361254,2,C2- Young & Active
TX000582,84.59,Credit,Las Vegas,Branch,67.0,Doctor,10.0,5669.1,4.4495684538935185,1,C1 - Saver 
TX000583,295.64,Debit,Jacksonville,Online,21.0,Student,82.0,1061.96,5.69251928237749,2,C2- Young & Active
TX000584,514.33,Debit,Philadelphia,Branch,25.0,Student,160.0,1592.94,6.244807472153034,2,C2- Young & Active
TX000586,94.59,Debit,Washington,Online,39.0,Doctor,34.0,6171.89,4.560068212075671,1,C1 - Saver 
TX000587,80.43,Debit,Columbus,Branch,59.0,Retired,157.0,5987.67,4.39974375547904,1,C1 - Saver 
TX000588,54.25,Debit,Virginia Beach,Online,68.0,Doctor,37.0,14783.33,4.0118683403978626,1,C1 - Saver 
TX000589,178.88,Credit,Dallas,Branch,76.0,Retired,93.0,4708.29,5.192289961902507,1,C1 - Saver 
TX000590,518.85,Debit,Kansas City,Online,22.0,Student,82.0,1806.0,6.253540308423979,2,C2- Young & Active
TX000591,10.65,Debit,Louisville,Online,54.0,Doctor,161.0,13240.72,2.4553061800117097,1,C1 - Saver 
TX000592,198.62,Credit,Tucson,Branch,27.0,Student,84.0,1196.07,5.29641555925844,2,C2- Young & Active
TX000593,107.03,Debit,Miami,Branch,27.0,Student,73.0,1408.07,4.682408966328894,2,C2- Young & Active
TX000594,139.57,Debit,Fort Worth,ATM,19.0,Student,263.0,271.78,4.945705585343674,2,C2- Young & Active
TX000596,346.11,Debit,Dallas,Branch,41.0,Engineer,213.0,9551.64,5.8496417325939065,1,C1 - Saver 
TX000597,138.06,Debit,Charlotte,Branch,44.0,Engineer,159.0,1070.47,4.934905494670872,2,C2- Young & Active
TX000598,158.02,Debit,New York,ATM,49.0,Engineer,120.0,9374.24,5.069029980473338,1,C1 - Saver 
TX000599,830.01,Credit,Chicago,Online,66.0,Retired,96.0,4253.18,6.722641828477388,0,C0 - High Spender  
TX000601,110.49,Debit,Raleigh,Online,57.0,Doctor,48.0,10483.93,4.71393490077948,1,C1 - Saver 
TX000602,329.4,Debit,Denver,Online,34.0,Doctor,68.0,9588.07,5.800304041646823,1,C1 - Saver 
TX000603,635.4,Debit,Denver,ATM,47.0,Doctor,106.0,1238.11,6.455827296463632,0,C0 - High Spender  
TX000604,769.97,Debit,San Diego,Branch,22.0,Student,23.0,1244.93,6.64764946230046,0,C0 - High Spender  
TX000605,175.07,Debit,Colorado Springs,Branch,26.0,Student,169.0,1040.25,5.170881643238353,2,C2- Young & Active
TX000606,7.31,Debit,Las Vegas,Branch,78.0,Retired,282.0,5757.67,2.1174596088673567,1,C1 - Saver 
TX000608,32.54,Debit,Oklahoma City,Online,25.0,Student,183.0,1544.88,3.5127387563950627,2,C2- Young & Active
TX000610,56.12,Debit,El Paso,ATM,30.0,Doctor,102.0,8839.67,4.0451543180313285,1,C1 - Saver 
TX000611,424.7,Credit,Miami,Online,56.0,Retired,178.0,6239.89,6.053734872834107,1,C1 - Saver 
TX000613,35.73,Debit,Miami,Branch,65.0,Doctor,87.0,9073.17,3.6035938598315758,1,C1 - Saver 
TX000614,3.44,Debit,Fort Worth,ATM,78.0,Retired,108.0,7561.33,1.4906543764441333,1,C1 - Saver 
TX000615,1342.25,Credit,Fort Worth,Branch,21.0,Student,235.0,694.03,7.202847329608931,0,C0 - High Spender  
TX000616,139.03,Credit,Los Angeles,Online,50.0,Engineer,81.0,2276.57,4.941856685367686,2,C2- Young & Active
TX000617,254.92,Credit,San Antonio,ATM,28.0,Engineer,169.0,2791.12,5.544864895641263,2,C2- Young & Active
TX000618,115.11,Debit,Albuquerque,Online,28.0,Engineer,139.0,9808.97,4.7545380176389145,1,C1 - Saver 
TX000619,171.11,Debit,San Francisco,ATM,57.0,Retired,171.0,6324.09,5.14813380728189,1,C1 - Saver 
TX000620,168.54,Debit,Oklahoma City,ATM,70.0,Doctor,142.0,13406.0,5.13308888718026,1,C1 - Saver 
TX000622,408.46,Debit,Raleigh,Branch,64.0,Retired,28.0,3140.79,6.014839218424433,1,C1 - Saver 
TX000623,1162.42,Credit,Detroit,Online,30.0,Doctor,45.0,10357.26,7.059119222320818,0,C0 - High Spender  
TX000624,342.17,Credit,New York,Branch,21.0,Student,247.0,461.83,5.8382259512056915,2,C2- Young & Active
TX000625,580.71,Debit,Philadelphia,ATM,53.0,Engineer,95.0,5670.0,6.365972041760872,0,C0 - High Spender  
TX000626,821.54,Credit,Atlanta,Branch,79.0,Retired,36.0,4040.32,6.712397113675864,0,C0 - High Spender  
TX000627,253.47,Debit,Atlanta,Branch,20.0,Student,238.0,220.51,5.539182950849863,2,C2- Young & Active
TX000628,22.81,Debit,New York,Online,62.0,Retired,75.0,3634.76,3.170105660498771,1,C1 - Saver 
TX000629,266.57,Credit,Boston,Online,39.0,Engineer,96.0,7180.48,5.589381214346226,1,C1 - Saver 
TX000630,374.61,Credit,Mesa,Online,75.0,Retired,37.0,1389.71,5.928551371047852,1,C1 - Saver 
TX000631,339.35,Credit,Boston,ATM,78.0,Retired,70.0,5002.7,5.829974499893961,1,C1 - Saver 
TX000632,810.36,Debit,Columbus,ATM,20.0,Student,67.0,9239.12,6.698711852046709,0,C0 - High Spender  
TX000633,9.83,Debit,Memphis,ATM,24.0,Student,86.0,666.42,2.382320061012899,2,C2- Young & Active
TX000634,135.57,Credit,Boston,Branch,51.0,Doctor,116.0,11351.64,4.9168373036903334,1,C1 - Saver 
TX000635,340.05,Debit,Detroit,ATM,43.0,Engineer,37.0,7234.15,5.8320290941007285,1,C1 - Saver 
TX000636,283.45,Debit,Colorado Springs,Branch,27.0,Engineer,127.0,2049.51,5.650557491196657,2,C2- Young & Active
TX000637,100.99,Debit,New York,ATM,68.0,Doctor,114.0,8865.27,4.624874769262426,1,C1 - Saver 
TX000638,90.88,Debit,Albuquerque,Branch,18.0,Student,176.0,3908.47,4.520483377820898,2,C2- Young & Active
TX000639,655.15,Debit,Seattle,ATM,26.0,Engineer,264.0,5587.44,6.486389421342295,0,C0 - High Spender  
TX000640,320.55,Debit,Milwaukee,Online,50.0,Engineer,118.0,438.75,5.773153052580872,2,C2- Young & Active
TX000641,41.51,Debit,Phoenix,Online,28.0,Student,48.0,609.6,3.749739342370699,2,C2- Young & Active
TX000642,71.53,Credit,Jacksonville,Branch,68.0,Retired,39.0,2393.73,4.284000269375321,1,C1 - Saver 
TX000643,467.13,Credit,Kansas City,Branch,54.0,Retired,45.0,3914.84,6.14874603512232,1,C1 - Saver 
TX000644,235.4,Debit,Detroit,Branch,28.0,Student,70.0,818.36,5.465525285531943,2,C2- Young & Active
TX000645,159.32,Debit,Seattle,Branch,18.0,Student,100.0,304.44,5.0771718178965,2,C2- Young & Active
TX000646,50.83,Credit,Philadelphia,Online,30.0,Doctor,48.0,9553.42,3.947969132201615,1,C1 - Saver 
TX000647,56.89,Credit,Houston,Branch,59.0,Engineer,56.0,3034.67,4.058544658090914,1,C1 - Saver 
TX000648,20.22,Debit,Jacksonville,ATM,43.0,Engineer,138.0,5515.32,3.054944133185837,1,C1 - Saver 
TX000649,50.4,Debit,San Antonio,Branch,36.0,Doctor,84.0,1677.01,3.9396381724611196,2,C2- Young & Active
TX000650,73.88,Debit,Los Angeles,Branch,53.0,Retired,131.0,4055.55,4.315886832169337,1,C1 - Saver 
TX000651,119.61,Debit,San Diego,ATM,33.0,Doctor,53.0,9899.94,4.792562199595151,1,C1 - Saver 
TX000652,1241.05,Debit,Miami,Branch,18.0,Student,129.0,756.74,7.12451851933206,0,C0 - High Spender  
TX000653,116.58,Debit,Raleigh,Branch,43.0,Engineer,247.0,2620.74,4.7671189529741085,2,C2- Young & Active
TX000656,156.26,Credit,Virginia Beach,Branch,46.0,Engineer,160.0,7854.1,5.05790048656337,1,C1 - Saver 
TX000657,427.0,Credit,Oklahoma City,Branch,49.0,Engineer,163.0,8253.65,6.059123195581797,1,C1 - Saver 
TX000660,67.57,Debit,Charlotte,Branch,37.0,Engineer,107.0,2766.12,4.227855121296273,2,C2- Young & Active
TX000661,326.29,Debit,Denver,Online,56.0,Engineer,179.0,8171.26,5.790846628030911,1,C1 - Saver 
TX000662,158.56,Debit,Sacramento,ATM,33.0,Doctor,100.0,5401.21,5.0724200270372055,2,C2- Young & Active
TX000663,56.02,Debit,Memphis,Online,27.0,Student,142.0,3548.02,4.043402083484526,2,C2- Young & Active
TX000665,245.67,Credit,Portland,Branch,24.0,Student,107.0,752.25,5.508051410952312,2,C2- Young & Active
TX000666,152.18,Credit,Los Angeles,Online,39.0,Engineer,176.0,2459.84,5.031613700481447,2,C2- Young & Active
TX000667,114.35,Credit,El Paso,Branch,41.0,Engineer,21.0,469.12,4.747970984619762,2,C2- Young & Active
TX000668,373.27,Credit,Miami,Online,61.0,Doctor,79.0,8441.61,5.9249774620856215,1,C1 - Saver 
TX000669,504.63,Debit,Portland,Online,60.0,Engineer,168.0,3806.16,6.225805176515408,1,C1 - Saver 
TX000670,126.22,Debit,Atlanta,ATM,46.0,Engineer,77.0,6133.41,4.845917871250658,1,C1 - Saver 
TX000671,820.15,Debit,Kansas City,Branch,47.0,Doctor,181.0,8802.97,6.71070579678357,0,C0 - High Spender  
TX000672,986.81,Credit,Houston,Online,68.0,Doctor,127.0,14881.77,6.895490371562065,0,C0 - High Spender  
TX000673,8.37,Debit,Colorado Springs,ATM,63.0,Retired,135.0,1106.34,2.2375130962503307,1,C1 - Saver 
TX000674,197.49,Credit,Fresno,Online,53.0,Retired,30.0,5005.33,5.2907387210244865,1,C1 - Saver 
TX000675,637.97,Debit,New York,Branch,58.0,Retired,90.0,7949.03,6.459857504918618,0,C0 - High Spender  
TX000676,13.52,Debit,Seattle,ATM,26.0,Student,65.0,259.77,2.67552700939665,2,C2- Young & Active
TX000677,432.1,Debit,San Francisco,ATM,49.0,Engineer,240.0,2114.3,6.070968648220581,2,C2- Young & Active
TX000678,375.17,Debit,Fort Worth,ATM,51.0,Engineer,66.0,5495.3,5.930041168870556,1,C1 - Saver 
TX000679,642.68,Debit,Fresno,Branch,50.0,Doctor,94.0,8461.46,6.467201708201478,0,C0 - High Spender  
TX000680,78.44,Credit,San Jose,Online,52.0,Retired,292.0,6870.84,4.375002019736917,1,C1 - Saver 
TX000681,139.72,Debit,Memphis,Branch,49.0,Engineer,201.0,5058.83,4.946772100429302,1,C1 - Saver 
TX000682,499.99,Debit,San Jose,Branch,31.0,Engineer,296.0,8885.0,6.21658614080582,1,C1 - Saver 
TX000683,10.07,Debit,Albuquerque,Online,24.0,Student,49.0,530.81,2.4042387467205457,2,C2- Young & Active
TX000684,120.62,Debit,Raleigh,ATM,23.0,Student,85.0,9379.53,4.800901429691963,1,C1 - Saver 
TX000685,578.49,Debit,Nashville,Branch,59.0,Retired,180.0,6475.13,6.362148406375523,0,C0 - High Spender  
TX000686,119.3,Debit,Mesa,Branch,34.0,Engineer,22.0,319.04,4.789988622980633,2,C2- Young & Active
TX000687,280.92,Debit,Phoenix,Online,41.0,Doctor,168.0,5298.85,5.641623342747815,1,C1 - Saver 
TX000688,42.42,Debit,Sacramento,Online,21.0,Student,102.0,490.57,3.7709201644501458,2,C2- Young & Active
TX000689,77.03,Debit,Fresno,ATM,67.0,Doctor,259.0,11310.27,4.35709336812867,1,C1 - Saver 
TX000690,22.59,Debit,Seattle,ATM,62.0,Retired,45.0,3988.75,3.1608228934195837,1,C1 - Saver 
TX000691,568.76,Debit,Baltimore,ATM,51.0,Retired,155.0,7484.32,6.345215219529468,0,C0 - High Spender  
TX000692,25.94,Credit,San Jose,Online,58.0,Retired,211.0,4815.11,3.293612170982218,1,C1 - Saver 
TX000693,105.94,Debit,Oklahoma City,Branch,51.0,Engineer,207.0,5963.1,4.672267929520586,1,C1 - Saver 
TX000694,733.29,Debit,Virginia Beach,ATM,52.0,Doctor,94.0,10427.0,6.59890404595274,0,C0 - High Spender  
TX000695,350.15,Credit,Fresno,ATM,21.0,Student,195.0,296.47,5.861213482605029,2,C2- Young & Active
TX000696,1151.18,Debit,Kansas City,ATM,65.0,Doctor,105.0,1100.06,7.049411079050077,0,C0 - High Spender  
TX000697,183.67,Debit,San Diego,Online,19.0,Student,238.0,910.26,5.218570448457781,2,C2- Young & Active
TX000698,278.27,Debit,Tucson,Branch,29.0,Doctor,123.0,6684.34,5.632179055796509,2,C2- Young & Active
TX000699,470.3,Debit,Austin,ATM,40.0,Doctor,88.0,8524.09,6.155494833929685,1,C1 - Saver 
TX000700,261.69,Debit,Philadelphia,ATM,53.0,Retired,84.0,5126.65,5.570974629731707,1,C1 - Saver 
TX000701,365.04,Debit,Virginia Beach,Branch,22.0,Student,94.0,873.89,5.902742617047178,2,C2- Young & Active
TX000702,211.1,Debit,Miami,Branch,57.0,Retired,136.0,7059.77,5.357057861570636,1,C1 - Saver 
TX000703,21.49,Debit,Denver,ATM,58.0,Doctor,240.0,11991.24,3.1130707659712242,1,C1 - Saver 
TX000704,63.58,Debit,Columbus,ATM,18.0,Student,199.0,8086.04,4.167904765330129,2,C2- Young & Active
TX000705,321.86,Debit,San Antonio,ATM,63.0,Doctor,167.0,12626.49,5.777218792729383,1,C1 - Saver 
TX000707,642.54,Debit,Milwaukee,Branch,44.0,Engineer,28.0,3143.17,6.466984185166485,0,C0 - High Spender  
TX000709,313.65,Credit,Chicago,Branch,55.0,Retired,173.0,1886.36,5.751460909972942,1,C1 - Saver 
TX000710,99.76,Debit,Sacramento,Branch,26.0,Student,131.0,416.89,4.61274145148441,2,C2- Young & Active
TX000711,115.32,Debit,Denver,Branch,53.0,Retired,113.0,5929.08,4.756345013785209,1,C1 - Saver 
TX000712,33.61,Debit,Milwaukee,Online,23.0,Student,72.0,479.08,3.544142657647253,2,C2- Young & Active
TX000713,498.59,Credit,Oklahoma City,Online,33.0,Doctor,32.0,5862.99,6.213787762038289,2,C2- Young & Active
TX000714,98.81,Debit,San Francisco,Branch,27.0,Student,91.0,797.1,4.603268378698495,2,C2- Young & Active
TX000715,1.87,Debit,Washington,ATM,65.0,Retired,147.0,7287.94,1.0543120297715298,1,C1 - Saver 
TX000716,78.92,Credit,Jacksonville,Online,59.0,Engineer,95.0,5624.86,4.381026134340298,1,C1 - Saver 
TX000717,194.29,Credit,Seattle,Branch,39.0,Engineer,10.0,2988.41,5.274485633294691,2,C2- Young & Active
TX000718,28.73,Debit,Kansas City,ATM,53.0,Engineer,185.0,2712.96,3.3921566370100065,1,C1 - Saver 
TX000719,105.53,Debit,Colorado Springs,Online,24.0,Student,88.0,1433.66,4.668426635623106,2,C2- Young & Active
TX000720,737.34,Debit,Miami,Online,30.0,Doctor,34.0,7336.56,6.604404423115734,0,C0 - High Spender  
TX000721,237.86,Debit,Philadelphia,ATM,18.0,Student,210.0,475.63,5.475877606240281,2,C2- Young & Active
TX000722,409.61,Debit,Kansas City,Branch,65.0,Doctor,89.0,11698.15,6.017643858891285,1,C1 - Saver 
TX000723,75.53,Credit,Fresno,Online,21.0,Student,157.0,1034.35,4.33768282082183,2,C2- Young & Active
TX000724,72.75,Debit,Phoenix,ATM,64.0,Doctor,15.0,12042.79,4.300680995219929,1,C1 - Saver 
TX000725,39.11,Debit,Columbus,Online,26.0,Student,143.0,518.54,3.6916256797819615,2,C2- Young & Active
TX000726,1309.79,Debit,San Francisco,ATM,23.0,Student,139.0,1258.93,7.178385287866661,0,C0 - High Spender  
TX000727,729.38,Debit,Los Angeles,ATM,68.0,Doctor,90.0,9127.65,6.59356494664956,0,C0 - High Spender  
TX000728,137.49,Debit,Fort Worth,ATM,34.0,Engineer,50.0,4471.05,4.930798120854626,2,C2- Young & Active
TX000729,504.71,Debit,Detroit,Online,29.0,Engineer,61.0,6214.54,6.225963382460326,2,C2- Young & Active
TX000730,371.47,Credit,Milwaukee,Branch,24.0,Student,58.0,1187.04,5.920156497663592,2,C2- Young & Active
TX000731,430.35,Debit,Charlotte,Online,36.0,Doctor,205.0,354.9,6.066919825522588,2,C2- Young & Active
TX000732,230.32,Debit,Las Vegas,Branch,35.0,Engineer,56.0,791.46,5.443802033290018,2,C2- Young & Active
TX000733,121.71,Debit,Chicago,ATM,52.0,Retired,140.0,5878.89,4.809823847988456,1,C1 - Saver 
TX000734,98.87,Debit,Detroit,Online,20.0,Student,179.0,533.2,4.603869340255043,2,C2- Young & Active
TX000735,117.55,Debit,Fresno,ATM,24.0,Student,35.0,897.94,4.775334812511415,2,C2- Young & Active
TX000736,244.64,Debit,Tucson,Branch,30.0,Doctor,103.0,9159.56,5.503867049461198,1,C1 - Saver 
TX000737,321.93,Debit,Nashville,ATM,45.0,Engineer,12.0,4392.73,5.7774355814696055,1,C1 - Saver 
TX000738,1092.73,Debit,Columbus,Branch,58.0,Retired,11.0,1390.98,6.9973491517903526,0,C0 - High Spender  
TX000739,283.23,Debit,El Paso,Online,40.0,Engineer,98.0,2008.77,5.649783769557158,2,C2- Young & Active
TX000740,346.65,Debit,Washington,Online,30.0,Engineer,60.0,6356.96,5.851196226545027,2,C2- Young & Active
TX000741,381.62,Debit,Las Vegas,Online,64.0,Retired,164.0,6009.12,5.947042329555235,1,C1 - Saver 
TX000742,388.65,Debit,Oklahoma City,ATM,76.0,Retired,43.0,7896.85,5.96524890028957,1,C1 - Saver 
TX000743,29.22,Debit,San Antonio,ATM,24.0,Student,151.0,1649.43,3.4085039568445934,2,C2- Young & Active
TX000744,46.75,Debit,Colorado Springs,Branch,67.0,Retired,150.0,2840.43,3.865979066926739,1,C1 - Saver 
TX000745,348.64,Debit,San Jose,Online,57.0,Retired,128.0,3274.96,5.856904053712287,1,C1 - Saver 
TX000746,319.17,Debit,Tucson,Online,73.0,Retired,81.0,6501.56,5.768852104730449,1,C1 - Saver 
TX000747,73.95,Debit,Kansas City,ATM,26.0,Student,76.0,363.92,4.316821224548606,2,C2- Young & Active
TX000748,389.63,Debit,Mesa,Online,27.0,Engineer,99.0,9748.48,5.9677608204087464,1,C1 - Saver 
TX000749,217.61,Debit,Chicago,ATM,19.0,Student,45.0,1404.53,5.387289320350301,2,C2- Young & Active
TX000750,199.84,Debit,Dallas,ATM,21.0,Student,150.0,706.44,5.302508571166505,2,C2- Young & Active
TX000751,56.35,Debit,Charlotte,ATM,44.0,Doctor,75.0,5095.73,4.04917284357538,1,C1 - Saver 
TX000752,248.95,Credit,San Francisco,Branch,65.0,Retired,29.0,3059.79,5.521260897859579,1,C1 - Saver 
TX000753,142.58,Debit,San Antonio,ATM,33.0,Engineer,145.0,7844.23,4.966892371148337,1,C1 - Saver 
TX000754,1020.73,Debit,Fort Worth,ATM,28.0,Student,87.0,1119.61,6.92925254799296,0,C0 - High Spender  
TX000755,84.34,Debit,Memphis,Online,58.0,Retired,248.0,5313.97,4.446643277759854,1,C1 - Saver 
TX000756,1607.55,Debit,Phoenix,ATM,31.0,Engineer,156.0,6227.99,7.3830884310576295,0,C0 - High Spender  
TX000757,333.78,Debit,San Diego,ATM,60.0,Retired,98.0,6810.94,5.813473599674474,1,C1 - Saver 
TX000758,332.59,Debit,San Antonio,Online,55.0,Retired,143.0,1457.07,5.809912694016117,1,C1 - Saver 
TX000759,236.81,Debit,Oklahoma City,Branch,22.0,Student,15.0,813.68,5.471472035517174,2,C2- Young & Active
TX000760,417.8,Credit,Philadelphia,Branch,27.0,Student,130.0,1518.82,6.037393478996382,2,C2- Young & Active
TX000761,319.27,Debit,San Antonio,ATM,50.0,Doctor,150.0,10269.78,5.76916439003684,1,C1 - Saver 
TX000762,384.1,Debit,Detroit,Branch,42.0,Engineer,172.0,672.79,5.953503040820864,2,C2- Young & Active
TX000763,820.62,Credit,Fresno,Branch,61.0,Doctor,158.0,6024.8,6.71127800106393,0,C0 - High Spender  
TX000764,474.77,Credit,Indianapolis,Online,56.0,Engineer,50.0,2158.59,6.164934544178619,1,C1 - Saver 
TX000765,542.72,Credit,Indianapolis,Branch,43.0,Doctor,92.0,6011.8,6.298434408467047,0,C0 - High Spender  
TX000766,79.8,Debit,Fort Worth,ATM,73.0,Retired,76.0,6372.58,4.39197696552705,1,C1 - Saver 
TX000767,46.24,Debit,San Diego,Branch,57.0,Engineer,52.0,2569.56,3.8552409913291616,1,C1 - Saver 
TX000768,327.8,Debit,San Francisco,ATM,61.0,Doctor,54.0,10585.48,5.7954496631820245,1,C1 - Saver 
TX000769,445.79,Debit,Las Vegas,ATM,52.0,Doctor,161.0,717.99,6.102088685565886,2,C2- Young & Active
TX000770,55.89,Debit,Fresno,Online,72.0,Retired,150.0,3689.65,4.041119578762556,1,C1 - Saver 
TX000771,158.41,Debit,Sacramento,Branch,28.0,Student,16.0,1512.16,5.071479499645555,2,C2- Young & Active
TX000772,101.19,Credit,Denver,Online,64.0,Doctor,75.0,14389.45,4.626833825624118,1,C1 - Saver 
TX000773,827.14,Debit,El Paso,Branch,36.0,Engineer,265.0,9800.21,6.719182222218092,0,C0 - High Spender  
TX000774,61.97,Debit,Phoenix,ATM,74.0,Retired,95.0,7014.69,4.142658422500651,1,C1 - Saver 
TX000775,27.21,Debit,San Jose,ATM,79.0,Retired,102.0,3520.61,3.339676525013905,1,C1 - Saver 
TX000776,173.74,Debit,Houston,Online,80.0,Retired,64.0,4913.42,5.163299154869948,1,C1 - Saver 
TX000777,176.11,Debit,San Jose,Branch,38.0,Engineer,105.0,9155.35,5.176771008468541,1,C1 - Saver 
TX000778,88.4,Debit,Fort Worth,Online,46.0,Engineer,174.0,2567.53,4.493120682179469,2,C2- Young & Active
TX000779,567.92,Debit,Columbus,Online,53.0,Retired,14.0,3779.47,6.343739826702027,0,C0 - High Spender  
TX000780,138.11,Credit,Phoenix,Online,68.0,Retired,104.0,4177.65,4.935264987071479,1,C1 - Saver 
TX000781,456.93,Credit,Virginia Beach,Branch,28.0,Engineer,193.0,7284.76,6.126716334005255,2,C2- Young & Active
TX000782,101.42,Debit,Atlanta,Online,66.0,Retired,146.0,6530.59,4.6290820060344045,1,C1 - Saver 
TX000783,300.61,Debit,El Paso,Online,44.0,Doctor,51.0,7895.54,5.709134792082811,1,C1 - Saver 
TX000784,265.94,Debit,Boston,Online,54.0,Engineer,132.0,6781.3,5.587023914046005,1,C1 - Saver 
TX000785,345.54,Debit,San Diego,Online,29.0,Engineer,50.0,2091.78,5.847998252082701,2,C2- Young & Active
TX000786,411.52,Debit,Los Angeles,ATM,41.0,Doctor,88.0,11108.39,6.0222846894478685,1,C1 - Saver 
TX000787,111.21,Debit,Portland,Branch,35.0,Doctor,111.0,9088.36,4.720372115676775,1,C1 - Saver 
TX000788,316.37,Debit,Colorado Springs,ATM,53.0,Engineer,86.0,4671.69,5.760068285666793,1,C1 - Saver 
TX000789,260.63,Debit,Fort Worth,Branch,37.0,Engineer,142.0,7534.73,5.566931291907004,1,C1 - Saver 
TX000790,92.36,Debit,Dallas,ATM,29.0,Engineer,144.0,6353.14,4.5364629879783,2,C2- Young & Active
TX000791,262.06,Debit,Oklahoma City,Branch,63.0,Doctor,118.0,13587.52,5.572382143040633,1,C1 - Saver 
TX000792,64.5,Debit,Denver,ATM,74.0,Retired,230.0,1351.24,4.182050142641207,1,C1 - Saver 
TX000793,253.55,Debit,Jacksonville,ATM,28.0,Engineer,85.0,2797.26,5.539497280348345,2,C2- Young & Active
TX000795,175.94,Debit,Indianapolis,ATM,57.0,Retired,89.0,3728.04,5.17581069205524,1,C1 - Saver 
TX000796,199.47,Debit,Detroit,Online,57.0,Doctor,142.0,6067.44,5.300664609616385,1,C1 - Saver 
TX000797,51.07,Debit,Dallas,Branch,63.0,Retired,133.0,4292.16,3.952588967174808,1,C1 - Saver 
TX000798,435.86,Debit,Jacksonville,ATM,56.0,Retired,134.0,3801.82,6.079612777634675,1,C1 - Saver 
TX000799,74.73,Credit,Jacksonville,Branch,64.0,Retired,162.0,6353.22,4.327174383125731,1,C1 - Saver 
TX000800,182.79,Credit,Louisville,Online,23.0,Student,14.0,1251.85,5.213793801477383,2,C2- Young & Active
TX000801,628.36,Debit,Austin,Online,44.0,Doctor,108.0,11869.71,6.444703430020987,0,C0 - High Spender  
TX000802,268.39,Debit,San Antonio,Online,29.0,Doctor,177.0,9409.43,5.596160143762447,1,C1 - Saver 
TX000803,362.27,Debit,Jacksonville,ATM,80.0,Retired,47.0,6003.59,5.895146359434385,1,C1 - Saver 
TX000804,560.15,Credit,Memphis,Online,50.0,Engineer,92.0,817.83,6.329988249462264,0,C0 - High Spender  
TX000805,351.99,Debit,Chicago,ATM,80.0,Retired,45.0,3663.64,5.866439727920136,1,C1 - Saver 
TX000806,132.36,Debit,Colorado Springs,Branch,28.0,Student,160.0,319.65,4.893052238442539,2,C2- Young & Active
TX000807,24.77,Credit,Nashville,Online,40.0,Engineer,17.0,478.23,3.2492110246642736,2,C2- Young & Active
TX000808,668.67,Debit,Detroit,Online,44.0,Doctor,143.0,13446.81,6.506785053735233,0,C0 - High Spender  
TX000809,80.24,Credit,New York,Branch,53.0,Doctor,58.0,8012.81,4.397407736712184,1,C1 - Saver 
TX000810,8.65,Debit,Mesa,ATM,68.0,Retired,198.0,4201.22,2.2669579153508947,1,C1 - Saver 
TX000811,178.91,Debit,Omaha,ATM,18.0,Student,19.0,8870.89,5.192456725848528,2,C2- Young & Active
TX000812,115.22,Debit,San Francisco,Branch,27.0,Engineer,108.0,906.2,4.755484946646959,2,C2- Young & Active
TX000813,161.63,Debit,San Jose,Online,46.0,Doctor,276.0,9286.37,5.091477681940357,1,C1 - Saver 
TX000814,542.75,Credit,Nashville,Branch,70.0,Retired,63.0,2224.08,6.298489582402894,0,C0 - High Spender  
TX000815,317.47,Credit,Sacramento,Online,67.0,Doctor,16.0,14639.28,5.763528279053155,1,C1 - Saver 
TX000816,280.99,Debit,Houston,Branch,45.0,Engineer,29.0,9733.59,5.64187160931645,1,C1 - Saver 
TX000817,24.19,Debit,San Diego,ATM,29.0,Engineer,28.0,2756.2,3.226447090364519,2,C2- Young & Active
TX000818,586.85,Debit,Mesa,ATM,36.0,Doctor,86.0,6655.15,6.37647181331375,0,C0 - High Spender  
TX000819,372.41,Debit,San Diego,ATM,55.0,Retired,143.0,3233.87,5.922677011680996,1,C1 - Saver 
TX000822,247.17,Credit,Chicago,Branch,65.0,Retired,149.0,2611.64,5.514113995199193,1,C1 - Saver 
TX000823,48.78,Credit,Kansas City,Branch,18.0,Student,136.0,552.06,3.907613296939446,2,C2- Young & Active
TX000824,4.15,Credit,Omaha,Branch,60.0,Retired,119.0,6017.36,1.6389967146756448,1,C1 - Saver 
TX000825,60.99,Debit,Oklahoma City,Branch,34.0,Engineer,58.0,7281.46,4.126973081713828,1,C1 - Saver 
TX000826,408.19,Debit,Mesa,Branch,26.0,Engineer,241.0,6847.47,6.014179595851196,2,C2- Young & Active
TX000827,524.6,Debit,El Paso,Branch,58.0,Doctor,76.0,13017.7,6.2645404671704,1,C1 - Saver 
TX000828,108.96,Debit,Milwaukee,ATM,26.0,Student,247.0,7597.66,4.700116663297045,2,C2- Young & Active
TX000829,70.03,Debit,Nashville,Branch,63.0,Retired,49.0,7330.31,4.2631023230097185,1,C1 - Saver 
TX000831,324.04,Debit,Virginia Beach,ATM,54.0,Retired,30.0,2248.06,5.783948251679472,1,C1 - Saver 
TX000832,39.69,Debit,Austin,Online,70.0,Retired,163.0,3524.68,3.7059823620135983,1,C1 - Saver 
TX000834,81.27,Credit,Seattle,Online,22.0,Student,68.0,1814.48,4.410006521180839,2,C2- Young & Active
TX000835,193.82,Debit,Kansas City,Branch,37.0,Engineer,176.0,3886.77,5.27207605534281,2,C2- Young & Active
TX000837,474.05,Debit,San Jose,ATM,57.0,Retired,214.0,1484.31,6.163420061652759,1,C1 - Saver 
TX000838,39.21,Debit,Miami,ATM,66.0,Doctor,245.0,9385.57,3.6941157209091826,1,C1 - Saver 
TX000839,637.75,Debit,Dallas,Branch,79.0,Retired,152.0,4202.92,6.459513141517914,0,C0 - High Spender  
TX000840,153.59,Credit,Portland,Branch,66.0,Retired,174.0,4813.12,5.0407764510082425,1,C1 - Saver 
TX000841,186.6,Debit,Tucson,Branch,18.0,Student,139.0,9716.68,5.234312036572124,2,C2- Young & Active
TX000842,644.08,Debit,Atlanta,Online,24.0,Student,55.0,1980.62,6.469374340112315,2,C2- Young & Active
TX000844,305.0,Debit,Phoenix,ATM,22.0,Student,222.0,944.83,5.723585101952381,2,C2- Young & Active
TX000845,233.1,Credit,Nashville,Branch,42.0,Doctor,37.0,7469.2,5.455748374496865,1,C1 - Saver 
TX000846,793.13,Debit,Memphis,Online,68.0,Doctor,76.0,13389.16,6.677247175804874,0,C0 - High Spender  
TX000847,224.19,Debit,Houston,ATM,52.0,Doctor,93.0,8475.47,5.416944490306248,1,C1 - Saver 
TX000848,214.83,Credit,Tucson,ATM,23.0,Student,63.0,991.69,5.374491060770879,2,C2- Young & Active
TX000849,163.46,Credit,Baltimore,Branch,63.0,Retired,111.0,6953.8,5.1026673795427495,1,C1 - Saver 
TX000850,194.99,Debit,Jacksonville,Branch,34.0,Engineer,91.0,1370.03,5.278063637520769,2,C2- Young & Active
TX000851,23.4,Debit,El Paso,ATM,46.0,Doctor,175.0,14851.28,3.1945831322991562,1,C1 - Saver 
TX000852,227.5,Debit,Sacramento,Online,34.0,Doctor,277.0,11505.35,5.43153621033426,1,C1 - Saver 
TX000853,259.9,Debit,Oklahoma City,Online,26.0,Student,100.0,914.28,5.564137192142683,2,C2- Young & Active
TX000854,59.51,Credit,Dallas,Online,36.0,Doctor,55.0,9955.88,4.10280864063423,1,C1 - Saver 
TX000855,50.63,Debit,Columbus,Online,64.0,Retired,143.0,4732.81,3.9441028988915576,1,C1 - Saver 
TX000856,1074.95,Debit,Jacksonville,Branch,20.0,Student,91.0,530.86,6.980959271240553,0,C0 - High Spender  
TX000857,112.94,Credit,San Antonio,Online,73.0,Retired,31.0,3807.84,4.735671994052249,1,C1 - Saver 
TX000858,11.81,Debit,Phoenix,ATM,21.0,Student,131.0,320.25,2.550226115908643,2,C2- Young & Active
TX000859,329.14,Debit,Sacramento,Branch,55.0,Doctor,14.0,12033.92,5.799516806919395,1,C1 - Saver 
TX000860,154.24,Debit,Mesa,ATM,61.0,Retired,82.0,6109.55,5.044972306500705,1,C1 - Saver 
TX000861,233.44,Debit,Chicago,Online,20.0,Student,297.0,1691.88,5.457199691608229,2,C2- Young & Active
TX000863,209.03,Debit,Detroit,Branch,55.0,Engineer,126.0,8359.5,5.347250377657216,1,C1 - Saver 
TX000864,1137.63,Debit,Baltimore,ATM,26.0,Student,144.0,1629.12,7.037581064316722,0,C0 - High Spender  
TX000866,101.81,Debit,Fort Worth,ATM,45.0,Doctor,105.0,13872.03,4.632882624554627,1,C1 - Saver 
TX000867,98.71,Debit,Fort Worth,ATM,32.0,Doctor,117.0,10095.23,4.602265972840701,1,C1 - Saver 
TX000868,87.38,Debit,Atlanta,Branch,21.0,Student,252.0,1504.99,4.481645699702594,2,C2- Young & Active
TX000869,83.39,Debit,Omaha,Branch,32.0,Doctor,158.0,13182.11,4.435448911169875,1,C1 - Saver 
TX000870,267.55,Debit,Charlotte,Online,46.0,Engineer,40.0,4330.04,5.593037116351469,1,C1 - Saver 
TX000871,870.05,Debit,El Paso,ATM,29.0,Doctor,39.0,905.25,6.769699380486169,0,C0 - High Spender  
TX000873,164.51,Debit,Louisville,Branch,78.0,Retired,110.0,3553.69,5.109031615952449,1,C1 - Saver 
TX000874,758.12,Debit,San Francisco,ATM,69.0,Retired,90.0,6164.65,6.632159867665503,0,C0 - High Spender  
TX000875,103.76,Debit,Kansas City,Online,28.0,Engineer,188.0,9626.14,4.651672019639511,1,C1 - Saver 
TX000876,583.92,Debit,Kansas City,Online,55.0,Engineer,139.0,6364.14,6.371475085743678,0,C0 - High Spender  
TX000877,204.06,Debit,Washington,Online,77.0,Retired,159.0,4351.83,5.323302619241945,1,C1 - Saver 
TX000878,53.51,Debit,New York,Online,56.0,Retired,165.0,5773.5,3.9983841710761894,1,C1 - Saver 
TX000879,1108.46,Debit,Los Angeles,Branch,30.0,Engineer,262.0,9257.04,7.01162868944695,0,C0 - High Spender  
TX000881,120.17,Debit,Portland,ATM,49.0,Doctor,105.0,5403.79,4.7971945182434315,1,C1 - Saver 
TX000882,220.8,Debit,Indianapolis,Online,31.0,Engineer,28.0,8135.31,5.401776074916267,1,C1 - Saver 
TX000883,119.01,Debit,Philadelphia,ATM,45.0,Doctor,87.0,9798.26,4.78757507264335,1,C1 - Saver 
TX000884,183.32,Debit,Raleigh,ATM,21.0,Student,74.0,137.42,5.216673377507527,2,C2- Young & Active
TX000885,858.88,Debit,Jacksonville,Online,60.0,Engineer,227.0,7015.46,6.756792844627935,0,C0 - High Spender  
TX000886,11.46,Credit,San Francisco,Online,41.0,Engineer,128.0,2356.71,2.522523513359307,2,C2- Young & Active
TX000887,61.37,Debit,Columbus,Branch,75.0,Retired,164.0,4294.44,4.1330843905380314,1,C1 - Saver 
TX000888,103.08,Credit,Milwaukee,Branch,49.0,Engineer,150.0,9251.38,4.64515983420425,1,C1 - Saver 
TX000889,1.21,Debit,Atlanta,Branch,55.0,Retired,196.0,7542.74,0.7929925155296614,1,C1 - Saver 
TX000890,425.18,Credit,Colorado Springs,Online,26.0,Engineer,172.0,9880.71,6.054861792237774,1,C1 - Saver 
TX000891,60.96,Debit,Colorado Springs,ATM,52.0,Retired,238.0,6189.24,4.1264890155486675,1,C1 - Saver 
TX000892,64.21,Debit,Omaha,ATM,51.0,Doctor,37.0,12540.18,4.177612831405111,1,C1 - Saver 
TX000893,523.02,Debit,Jacksonville,Online,53.0,Retired,83.0,4586.11,6.261529851531596,0,C0 - High Spender  
TX000894,50.26,Debit,Las Vegas,Branch,65.0,Retired,164.0,1519.38,3.936910720935925,1,C1 - Saver 
TX000895,110.08,Debit,Detroit,Branch,19.0,Student,95.0,1447.26,4.7102506624385985,2,C2- Young & Active
TX000896,54.47,Credit,Philadelphia,Branch,23.0,Student,34.0,1131.42,4.015842334067143,2,C2- Young & Active
TX000897,79.76,Debit,Kansas City,Online,68.0,Doctor,115.0,10278.75,4.391481793444637,1,C1 - Saver 
TX000898,16.79,Credit,Detroit,Online,30.0,Doctor,146.0,535.15,2.8786365016777435,2,C2- Young & Active
TX000899,1531.31,Debit,San Diego,Online,18.0,Student,62.0,859.86,7.334531679700015,0,C0 - High Spender  
TX000900,68.62,Debit,Omaha,Branch,29.0,Doctor,157.0,13891.47,4.243051882383293,1,C1 - Saver 
TX000902,643.38,Credit,Detroit,Online,18.0,Student,105.0,1046.74,6.468288614197958,2,C2- Young & Active
TX000903,328.34,Credit,San Diego,Online,42.0,Engineer,31.0,2840.45,5.797090651789853,2,C2- Young & Active
TX000904,72.68,Debit,Seattle,Online,69.0,Retired,44.0,6216.77,4.299731391947051,1,C1 - Saver 
TX000905,354.76,Debit,Detroit,Branch,51.0,Doctor,279.0,10141.92,5.874256346202441,1,C1 - Saver 
TX000906,793.88,Credit,Los Angeles,ATM,22.0,Student,252.0,1404.06,6.678191159865005,0,C0 - High Spender  
TX000907,29.22,Debit,Detroit,ATM,27.0,Engineer,69.0,7795.79,3.4085039568445934,2,C2- Young & Active
TX000909,366.43,Credit,Portland,Online,21.0,Student,92.0,1560.45,5.906532824319521,2,C2- Young & Active
TX000910,120.86,Debit,Colorado Springs,Online,33.0,Doctor,162.0,13566.58,4.802872844820349,1,C1 - Saver 
TX000911,233.74,Debit,Boston,Online,72.0,Retired,142.0,4749.54,5.458478518671978,1,C1 - Saver 
TX000912,471.84,Debit,Raleigh,ATM,18.0,Student,138.0,1044.33,6.158757064882177,2,C2- Young & Active
TX000913,213.4,Credit,Fort Worth,Branch,73.0,Retired,100.0,2012.24,5.367843429196647,1,C1 - Saver 
TX000914,254.21,Debit,Phoenix,ATM,48.0,Engineer,46.0,2487.2,5.542086735655903,2,C2- Young & Active
TX000915,577.73,Debit,San Jose,ATM,37.0,Doctor,63.0,14977.99,6.360836047567908,1,C1 - Saver 
TX000916,170.26,Debit,Chicago,ATM,27.0,Student,265.0,1969.48,5.143182869598046,2,C2- Young & Active
TX000917,337.73,Debit,San Antonio,Online,78.0,Retired,107.0,7001.2,5.825203329860541,1,C1 - Saver 
TX000918,330.61,Credit,Nashville,Branch,64.0,Retired,113.0,2525.25,5.803959579621873,1,C1 - Saver 
TX000919,132.33,Credit,Phoenix,ATM,35.0,Engineer,47.0,7457.94,4.892827258127367,1,C1 - Saver 
TX000921,74.04,Debit,Memphis,Online,18.0,Student,66.0,1690.23,4.318021304697969,2,C2- Young & Active
TX000922,197.18,Debit,Tucson,Online,28.0,Engineer,135.0,3114.92,5.289175708630753,2,C2- Young & Active
TX000925,590.01,Debit,San Jose,Online,29.0,Doctor,140.0,9791.74,6.381832937736722,0,C0 - High Spender  
TX000926,697.82,Debit,New York,Online,44.0,Engineer,153.0,6824.0,6.5493931983426155,0,C0 - High Spender  
TX000927,302.76,Debit,Sacramento,ATM,38.0,Engineer,88.0,8583.39,5.716237915923547,1,C1 - Saver 
TX000928,148.0,Debit,Tucson,Branch,20.0,Student,35.0,1488.65,5.003946305945459,2,C2- Young & Active
TX000929,22.26,Debit,San Antonio,Branch,19.0,Student,56.0,5583.88,3.1467351470905185,2,C2- Young & Active
TX000930,0.86,Debit,Colorado Springs,ATM,25.0,Student,139.0,1357.22,0.6205764877251099,2,C2- Young & Active
TX000931,757.1,Debit,Atlanta,Branch,65.0,Doctor,203.0,10553.23,6.630815303062258,0,C0 - High Spender  
TX000932,38.81,Credit,Virginia Beach,Online,25.0,Student,145.0,1619.6,3.684118137012226,2,C2- Young & Active
TX000933,76.51,Credit,Mesa,Online,49.0,Engineer,120.0,9475.4,4.35040696029342,1,C1 - Saver 
TX000934,32.46,Debit,Charlotte,Online,31.0,Doctor,10.0,8656.18,3.510350695558678,1,C1 - Saver 
TX000935,1022.75,Credit,San Jose,Branch,62.0,Doctor,158.0,207.74,6.9312276351672795,0,C0 - High Spender  
TX000936,20.64,Debit,Charlotte,Branch,22.0,Student,59.0,949.38,3.074543453978281,2,C2- Young & Active
TX000937,662.11,Debit,Atlanta,Branch,23.0,Student,219.0,1996.38,6.496940888942756,2,C2- Young & Active
TX000939,35.05,Debit,Boston,Branch,30.0,Doctor,105.0,14330.47,3.584906863730958,1,C1 - Saver 
TX000940,214.73,Credit,Los Angeles,ATM,46.0,Doctor,26.0,5368.42,5.374027625782512,1,C1 - Saver 
TX000941,25.38,Debit,Louisville,Branch,57.0,Engineer,66.0,8616.05,3.2726061472891685,1,C1 - Saver 
TX000942,617.66,Debit,Memphis,ATM,41.0,Engineer,40.0,5906.58,6.427555848757907,0,C0 - High Spender  
TX000943,446.39,Debit,Houston,ATM,63.0,Retired,77.0,7863.6,6.103430697442801,1,C1 - Saver 
TX000944,377.92,Debit,Raleigh,Branch,33.0,Engineer,204.0,2254.71,5.937325101007334,2,C2- Young & Active
TX000945,11.04,Debit,Phoenix,Online,30.0,Engineer,43.0,6983.04,2.488234439880675,2,C2- Young & Active
TX000946,275.46,Debit,Fort Worth,ATM,36.0,Doctor,67.0,9697.75,5.622066145036211,1,C1 - Saver 
TX000947,179.76,Debit,Philadelphia,Online,78.0,Retired,81.0,5909.52,5.197170184543079,1,C1 - Saver 
TX000948,32.34,Debit,Kansas City,Branch,44.0,Doctor,45.0,7847.62,3.506757877322648,1,C1 - Saver 
TX000949,273.92,Debit,Portland,Branch,79.0,Retired,109.0,4543.56,5.616480146253404,1,C1 - Saver 
TX000950,375.45,Debit,Fort Worth,Branch,19.0,Student,32.0,1307.23,5.930785236296131,2,C2- Young & Active
TX000951,388.98,Debit,Fresno,ATM,23.0,Student,155.0,1819.91,5.966095455757441,2,C2- Young & Active
TX000952,492.84,Debit,Indianapolis,ATM,25.0,Student,38.0,577.67,6.202211578085641,2,C2- Young & Active
TX000953,148.85,Debit,Mesa,ATM,57.0,Doctor,25.0,7802.36,5.009634793762672,1,C1 - Saver 
TX000956,185.99,Credit,Fresno,Branch,41.0,Engineer,53.0,402.45,5.231055139488869,2,C2- Young & Active
TX000957,322.48,Debit,Jacksonville,ATM,27.0,Student,57.0,1238.43,5.779137288227622,2,C2- Young & Active
TX000958,20.27,Debit,Miami,Branch,18.0,Student,22.0,796.35,3.0572976292121457,2,C2- Young & Active
TX000959,280.61,Debit,Mesa,ATM,47.0,Engineer,129.0,7888.76,5.64052313501701,1,C1 - Saver 
TX000960,199.02,Debit,Houston,ATM,61.0,Retired,269.0,4658.89,5.29841736154837,1,C1 - Saver 
TX000961,104.23,Credit,Louisville,Online,63.0,Retired,108.0,5009.29,4.656148430752721,1,C1 - Saver 
TX000962,353.59,Credit,New York,Branch,52.0,Retired,109.0,1822.34,5.8709621924528355,2,C2- Young & Active
TX000963,55.86,Debit,Seattle,Online,39.0,Engineer,68.0,5346.46,4.040592106222854,1,C1 - Saver 
TX000965,95.55,Debit,Louisville,Branch,33.0,Engineer,51.0,2434.74,4.570061008874523,2,C2- Young & Active
TX000966,477.07,Debit,Columbus,Online,27.0,Engineer,278.0,6568.07,6.169757165284295,2,C2- Young & Active
TX000968,21.41,Debit,Louisville,Online,57.0,Doctor,99.0,658.91,3.1095072878128356,1,C1 - Saver 
TX000969,278.28,Debit,Jacksonville,Branch,28.0,Student,26.0,1346.88,5.63221486279678,2,C2- Young & Active
TX000970,388.1,Credit,Los Angeles,Online,73.0,Retired,40.0,3022.12,5.963836379990508,1,C1 - Saver 
TX000971,215.39,Debit,Detroit,ATM,27.0,Student,216.0,1582.55,5.377082335183691,2,C2- Young & Active
TX000972,194.37,Debit,Milwaukee,ATM,66.0,Doctor,161.0,14395.88,5.274895196603544,1,C1 - Saver 
TX000973,37.7,Debit,Miami,ATM,20.0,Student,109.0,1741.1,3.655839600035736,2,C2- Young & Active
TX000974,19.59,Debit,Charlotte,Branch,64.0,Retired,122.0,1061.69,3.0248055210396982,1,C1 - Saver 
TX000975,81.35,Debit,Houston,Online,41.0,Engineer,103.0,7192.45,4.410978456623649,1,C1 - Saver 
TX000976,314.54,Credit,Virginia Beach,Branch,58.0,Engineer,228.0,9923.45,5.754285456829308,1,C1 - Saver 
TX000977,466.64,Debit,Las Vegas,ATM,58.0,Doctor,11.0,10915.11,6.147698769138618,1,C1 - Saver 
TX000978,397.01,Debit,Los Angeles,ATM,22.0,Student,100.0,719.52,5.986477130596935,2,C2- Young & Active
TX000979,472.48,Debit,New York,Branch,55.0,Engineer,87.0,7128.82,6.160109673085693,1,C1 - Saver 
TX000980,67.15,Debit,Indianapolis,Online,59.0,Doctor,14.0,9028.49,4.221711158142542,1,C1 - Saver 
TX000981,102.67,Debit,Albuquerque,Branch,79.0,Retired,119.0,4656.94,4.641212777335021,1,C1 - Saver 
TX000982,460.09,Credit,Fresno,Online,35.0,Doctor,146.0,6990.64,6.133593251707915,1,C1 - Saver 
TX000983,453.49,Debit,Seattle,Branch,66.0,Doctor,147.0,6366.43,6.119175911175262,1,C1 - Saver 
TX000984,267.17,Debit,Seattle,ATM,26.0,Student,170.0,1382.62,5.591621107767871,2,C2- Young & Active
TX000985,111.26,Debit,Boston,ATM,66.0,Doctor,43.0,14350.11,4.720817609514054,1,C1 - Saver 
TX000986,121.17,Debit,Phoenix,ATM,68.0,Doctor,158.0,12990.77,4.8054135174159684,1,C1 - Saver 
TX000987,213.28,Debit,Mesa,Branch,51.0,Retired,94.0,4835.91,5.367283571012759,1,C1 - Saver 
TX000988,187.88,Debit,Nashville,ATM,60.0,Engineer,180.0,2154.58,5.2411118927772575,1,C1 - Saver 
TX000989,471.88,Credit,San Jose,Online,34.0,Doctor,141.0,14833.34,6.158841656516114,1,C1 - Saver 
TX000990,83.79,Debit,Nashville,ATM,57.0,Engineer,47.0,5061.3,4.440177611315912,1,C1 - Saver 
TX000992,99.16,Debit,San Francisco,Online,79.0,Retired,202.0,2607.58,4.606768907351788,1,C1 - Saver 
TX000993,839.33,Credit,Louisville,Branch,60.0,Doctor,86.0,11538.97,6.733794671832054,0,C0 - High Spender  
TX000994,29.91,Credit,Philadelphia,Online,76.0,Retired,43.0,2834.84,3.431079756144025,1,C1 - Saver 
TX000995,4.24,Debit,San Diego,Online,38.0,Engineer,38.0,7822.73,1.6563214983329508,1,C1 - Saver 
TX000996,50.29,Credit,Raleigh,Online,58.0,Doctor,64.0,7604.9,3.937495801401177,1,C1 - Saver 
TX000997,135.85,Debit,Fresno,Online,57.0,Retired,269.0,1480.39,4.918885435486688,1,C1 - Saver 
TX000998,368.53,Debit,Raleigh,Branch,68.0,Doctor,34.0,13696.31,5.912231927890838,1,C1 - Saver 
TX000999,17.95,Credit,Sacramento,Branch,64.0,Doctor,135.0,12344.9,2.9418039315284354,1,C1 - Saver 
TX001000,127.8,Credit,Virginia Beach,Branch,31.0,Engineer,47.0,8630.99,4.858260813670253,1,C1 - Saver 
TX001001,16.73,Debit,Houston,Online,45.0,Engineer,48.0,2202.62,2.8752581200861167,2,C2- Young & Active
TX001002,317.12,Debit,Fort Worth,Branch,44.0,Doctor,80.0,14409.74,5.7624286700889344,1,C1 - Saver 
TX001003,476.63,Debit,Charlotte,ATM,79.0,Retired,115.0,4894.25,6.168836374176023,1,C1 - Saver 
TX001004,156.58,Debit,Portland,Branch,24.0,Student,160.0,8981.61,5.059933265817542,1,C1 - Saver 
TX001005,55.12,Credit,Houston,Online,34.0,Engineer,261.0,3791.99,4.02749225523426,2,C2- Young & Active
TX001006,15.74,Debit,Denver,Branch,27.0,Student,38.0,690.16,2.8178010650613294,2,C2- Young & Active
TX001008,297.15,Debit,Phoenix,Online,76.0,Retired,178.0,5449.37,5.697596715569115,1,C1 - Saver 
TX001009,647.85,Debit,Omaha,Branch,36.0,Doctor,121.0,13779.97,6.47520156518324,0,C0 - High Spender  
TX001010,75.04,Debit,El Paso,ATM,49.0,Engineer,178.0,9648.6,4.331259517620229,1,C1 - Saver 
TX001011,273.92,Debit,Virginia Beach,Online,28.0,Student,35.0,1029.15,5.616480146253404,2,C2- Young & Active
TX001012,215.8,Credit,Jacksonville,Branch,51.0,Retired,66.0,3656.62,5.378975269565491,1,C1 - Saver 
TX001013,963.77,Debit,Louisville,ATM,41.0,Engineer,248.0,6710.51,6.8718897309621125,0,C0 - High Spender  
TX001014,420.6,Debit,Louisville,Branch,26.0,Student,55.0,1778.75,6.044056997227153,2,C2- Young & Active
TX001015,688.36,Credit,Memphis,Branch,23.0,Student,22.0,5191.13,6.535763630931512,0,C0 - High Spender  
TX001016,285.18,Credit,Sacramento,Branch,55.0,Doctor,150.0,14847.97,5.6566209834785885,1,C1 - Saver 
TX001017,213.55,Debit,Boston,ATM,63.0,Doctor,15.0,5238.37,5.368542811437534,1,C1 - Saver 
TX001018,463.11,Credit,Las Vegas,Branch,51.0,Doctor,159.0,10238.82,6.140121593095365,1,C1 - Saver 
TX001021,309.56,Debit,Charlotte,Online,58.0,Doctor,147.0,972.04,5.7383771194207,1,C1 - Saver 
TX001022,377.08,Credit,Mesa,Branch,26.0,Student,71.0,6430.86,5.935105813438597,2,C2- Young & Active
TX001023,77.25,Debit,Virginia Beach,Branch,68.0,Doctor,157.0,14077.97,4.359908829420263,1,C1 - Saver 
TX001024,146.92,Debit,Portland,ATM,64.0,Retired,272.0,3990.6,4.996671587078869,1,C1 - Saver 
TX001025,126.6,Debit,San Antonio,Branch,22.0,Student,146.0,961.65,4.848900370910689,2,C2- Young & Active
TX001026,101.34,Debit,Boston,ATM,24.0,Student,46.0,703.26,4.628300603376946,2,C2- Young & Active
TX001027,184.97,Debit,Denver,Branch,58.0,Doctor,268.0,1156.67,5.225585370381937,1,C1 - Saver 
TX001028,451.15,Debit,Colorado Springs,ATM,46.0,Engineer,175.0,1356.47,6.1140139831864895,2,C2- Young & Active
TX001029,516.47,Credit,Charlotte,ATM,25.0,Student,94.0,1305.06,6.248951552444647,2,C2- Young & Active
TX001030,880.04,Debit,Sacramento,ATM,25.0,Student,29.0,261.97,6.781103027856688,0,C0 - High Spender  
TX001032,66.69,Credit,San Antonio,Branch,25.0,Student,140.0,1210.33,4.214938458520516,2,C2- Young & Active
TX001033,95.75,Debit,Los Angeles,Branch,31.0,Engineer,169.0,337.62,4.572130331909891,2,C2- Young & Active
TX001035,98.03,Debit,El Paso,Branch,54.0,Engineer,165.0,6323.45,4.5954228345332115,1,C1 - Saver 
TX001036,617.66,Debit,Boston,ATM,42.0,Engineer,128.0,7155.95,6.427555848757907,0,C0 - High Spender  
TX001037,888.57,Debit,San Antonio,Online,62.0,Retired,102.0,7896.14,6.790738199906102,0,C0 - High Spender  
TX001038,107.48,Debit,Omaha,Branch,22.0,Student,129.0,591.23,4.686565824192085,2,C2- Young & Active
TX001039,36.57,Debit,Omaha,ATM,62.0,Retired,69.0,2583.07,3.6262058595858777,1,C1 - Saver 
TX001040,575.62,Debit,Oklahoma City,Online,43.0,Doctor,129.0,234.41,6.357183470693631,2,C2- Young & Active
TX001041,84.89,Debit,San Jose,ATM,37.0,Engineer,70.0,4735.61,4.453067407778134,2,C2- Young & Active
TX001043,180.65,Debit,Charlotte,Branch,22.0,Student,38.0,816.01,5.202081758667211,2,C2- Young & Active
TX001044,7.76,Credit,Las Vegas,Online,52.0,Retired,84.0,7393.11,2.1701959049483,1,C1 - Saver 
TX001045,109.3,Debit,Fort Worth,Branch,56.0,Doctor,27.0,13510.11,4.703203926259457,1,C1 - Saver 
TX001046,230.08,Debit,Austin,Online,79.0,Retired,124.0,4466.1,5.442763970913065,1,C1 - Saver 
TX001047,361.92,Debit,Detroit,ATM,54.0,Retired,111.0,7474.31,5.8941824243014285,1,C1 - Saver 
TX001048,71.29,Debit,Chicago,ATM,68.0,Retired,55.0,7225.63,4.280685807012206,1,C1 - Saver 
TX001049,122.45,Debit,New York,Branch,46.0,Doctor,98.0,7255.49,4.8158362157911885,1,C1 - Saver 
TX001050,642.53,Debit,Mesa,ATM,65.0,Doctor,128.0,11417.91,6.466968645996121,1,C1 - Saver 
TX001051,62.86,Debit,Houston,Branch,25.0,Student,31.0,1040.43,4.156693187286636,2,C2- Young & Active
TX001052,175.21,Credit,Mesa,ATM,69.0,Doctor,69.0,6039.04,5.1716764655806395,1,C1 - Saver 
TX001053,168.0,Credit,Tucson,Branch,32.0,Engineer,11.0,3498.58,5.1298987149230735,2,C2- Young & Active
TX001054,11.46,Debit,Chicago,Online,67.0,Retired,73.0,6628.75,2.522523513359307,1,C1 - Saver 
TX001055,382.07,Credit,Omaha,Branch,62.0,Doctor,147.0,10156.09,5.9482177401047,1,C1 - Saver 
TX001056,13.48,Debit,Las Vegas,Online,18.0,Student,20.0,521.88,2.6727683869575705,2,C2- Young & Active
TX001057,65.32,Debit,Mesa,ATM,28.0,Student,54.0,9165.02,4.1944915108270395,1,C1 - Saver 
TX001058,83.07,Debit,Miami,Branch,27.0,Engineer,291.0,6704.76,4.431649785147205,2,C2- Young & Active
TX001059,730.1,Credit,Chicago,Branch,77.0,Retired,93.0,6384.05,6.59455024929927,0,C0 - High Spender  
TX001060,85.31,Debit,Kansas City,ATM,62.0,Retired,27.0,6095.65,4.457945466231566,1,C1 - Saver 
TX001061,726.61,Debit,Phoenix,ATM,18.0,Student,277.0,1008.76,6.589765190364805,2,C2- Young & Active
TX001062,130.4,Debit,Raleigh,Branch,45.0,Engineer,63.0,4381.24,4.8782461060505105,1,C1 - Saver 
TX001063,68.1,Debit,Milwaukee,ATM,20.0,Student,47.0,1382.8,4.235554730773624,2,C2- Young & Active
TX001064,65.26,Debit,Sacramento,Branch,26.0,Student,72.0,7380.63,4.1935863968717495,2,C2- Young & Active
TX001065,191.62,Debit,Jacksonville,Branch,63.0,Doctor,51.0,1981.67,5.260719336132718,1,C1 - Saver 
TX001066,212.88,Debit,Fresno,Online,39.0,Doctor,122.0,7036.72,5.365415110080531,1,C1 - Saver 
TX001067,88.38,Debit,Virginia Beach,ATM,30.0,Engineer,138.0,3707.82,4.492896943505305,2,C2- Young & Active
TX001070,390.09,Debit,El Paso,Online,26.0,Engineer,49.0,2617.23,5.968937712526371,2,C2- Young & Active
TX001071,48.29,Debit,San Diego,Online,37.0,Engineer,242.0,8883.4,3.8977212207172864,1,C1 - Saver 
TX001072,333.83,Debit,Fresno,ATM,63.0,Retired,135.0,1660.66,5.813622940335733,1,C1 - Saver 
TX001073,1074.29,Debit,Portland,Branch,67.0,Retired,79.0,2011.6,6.98034567162293,0,C0 - High Spender  
TX001074,100.27,Debit,Miami,Online,79.0,Retired,51.0,4309.9,4.617790217344194,1,C1 - Saver 
TX001075,44.54,Debit,San Antonio,ATM,31.0,Engineer,164.0,362.4,3.8185910606355935,2,C2- Young & Active
TX001077,82.17,Debit,Fort Worth,Branch,28.0,Student,21.0,1913.06,4.420886705880596,2,C2- Young & Active
TX001078,1045.45,Debit,Baltimore,Online,19.0,Student,150.0,563.46,6.9531587624359865,0,C0 - High Spender  
TX001079,447.42,Debit,Charlotte,Online,32.0,Engineer,65.0,6133.22,6.105730293236325,2,C2- Young & Active
TX001080,590.26,Credit,Austin,Branch,25.0,Student,48.0,1068.28,6.382255852982353,2,C2- Young & Active
TX001081,192.73,Debit,Milwaukee,Branch,71.0,Retired,157.0,2037.75,5.266465437098854,1,C1 - Saver 
TX001083,136.05,Debit,Atlanta,Online,24.0,Student,63.0,1127.54,4.920345822748795,2,C2- Young & Active
TX001084,11.57,Credit,New York,Branch,56.0,Retired,64.0,2061.61,2.531313022602156,1,C1 - Saver 
TX001086,7.82,Debit,Boston,ATM,36.0,Engineer,273.0,2240.49,2.1770218700187,2,C2- Young & Active
TX001087,79.43,Debit,Dallas,ATM,74.0,Retired,72.0,6579.37,4.387387240915977,1,C1 - Saver 
TX001088,386.97,Debit,Raleigh,Branch,58.0,Retired,137.0,1876.35,5.9609280170463315,1,C1 - Saver 
TX001089,51.22,Debit,Fresno,Branch,23.0,Student,82.0,1664.59,3.955465563270983,2,C2- Young & Active
TX001090,256.05,Debit,Nashville,ATM,54.0,Retired,35.0,6910.18,5.549270618501514,1,C1 - Saver 
TX001091,7.79,Debit,Los Angeles,Branch,34.0,Doctor,298.0,1319.85,2.1736147116970854,2,C2- Young & Active
TX001092,233.71,Debit,Louisville,Branch,63.0,Doctor,11.0,6095.5,5.458350709533451,1,C1 - Saver 
TX001093,176.37,Debit,Boston,Branch,55.0,Retired,126.0,2420.86,5.178237946217495,1,C1 - Saver 
TX001095,86.41,Debit,Fresno,ATM,75.0,Retired,125.0,3128.71,4.470609692592396,1,C1 - Saver 
TX001096,21.57,Debit,San Francisco,ATM,54.0,Retired,71.0,7587.48,3.1166215908294443,1,C1 - Saver 
TX001097,82.67,Debit,Milwaukee,Branch,26.0,Student,46.0,290.59,4.426880490307507,2,C2- Young & Active
TX001099,299.42,Credit,San Jose,Branch,63.0,Retired,53.0,4735.41,5.705181495569908,1,C1 - Saver 
TX001100,543.47,Debit,Los Angeles,ATM,18.0,Student,122.0,6165.03,6.299812844436419,2,C2- Young & Active
TX001101,346.76,Credit,San Jose,Branch,21.0,Student,116.0,1637.75,5.851512586680537,2,C2- Young & Active
TX001102,47.48,Debit,El Paso,Branch,24.0,Student,66.0,585.52,3.881151341761059,2,C2- Young & Active
TX001103,64.92,Debit,Atlanta,Branch,58.0,Engineer,236.0,5481.76,4.188441885601216,1,C1 - Saver 
TX001104,350.72,Credit,Fresno,ATM,28.0,Student,48.0,1982.9,5.862835404510801,2,C2- Young & Active
TX001105,3.8,Debit,Charlotte,Online,65.0,Doctor,174.0,5766.96,1.5686159179138452,1,C1 - Saver 
TX001106,22.54,Debit,El Paso,Online,26.0,Engineer,42.0,7139.11,3.1587011018321305,2,C2- Young & Active
TX001107,767.14,Credit,Mesa,Branch,62.0,Retired,38.0,4732.57,6.6439720082012315,0,C0 - High Spender  
TX001108,167.47,Debit,Sacramento,ATM,35.0,Engineer,103.0,2293.13,5.126757692398113,2,C2- Young & Active
TX001109,43.65,Credit,Charlotte,Branch,30.0,Engineer,212.0,2870.67,3.798854307322508,2,C2- Young & Active
TX001111,390.77,Debit,Portland,Online,44.0,Doctor,34.0,5500.56,5.970674932900425,1,C1 - Saver 
TX001112,508.16,Debit,Mesa,ATM,39.0,Engineer,131.0,5609.44,6.232762309002234,0,C0 - High Spender  
TX001114,332.33,Debit,Kansas City,ATM,27.0,Student,101.0,192.63,5.809132990264027,2,C2- Young & Active
TX001115,362.09,Debit,New York,Branch,32.0,Engineer,31.0,6590.28,5.894650737418622,2,C2- Young & Active
TX001116,42.58,Debit,San Jose,Online,30.0,Doctor,80.0,13485.0,3.774598329516474,1,C1 - Saver 
TX001118,248.66,Debit,Chicago,Online,28.0,Engineer,113.0,2571.39,5.520099992222905,2,C2- Young & Active
TX001119,461.25,Credit,Sacramento,Online,54.0,Doctor,171.0,676.1,6.136105870267234,2,C2- Young & Active
TX001120,61.77,Debit,Charlotte,Branch,56.0,Doctor,49.0,12352.2,4.13947725232944,1,C1 - Saver 
TX001121,268.92,Debit,Chicago,Branch,29.0,Engineer,148.0,8765.38,5.598125618797658,1,C1 - Saver 
TX001122,303.97,Debit,Fort Worth,Online,24.0,Student,77.0,1590.88,5.7202134111139475,2,C2- Young & Active
TX001123,219.02,Credit,San Diego,Online,54.0,Engineer,68.0,7375.73,5.3937184513112895,1,C1 - Saver 
TX001124,125.14,Debit,Baltimore,Branch,20.0,Student,31.0,1845.18,4.837392401235505,2,C2- Young & Active
TX001125,47.6,Debit,Austin,Online,53.0,Engineer,115.0,1382.51,3.883623530906448,2,C2- Young & Active
TX001126,592.82,Debit,Memphis,Online,74.0,Retired,248.0,7508.98,6.386576243136655,1,C1 - Saver 
TX001127,372.5,Debit,Nashville,ATM,22.0,Student,211.0,3901.82,5.922918004572872,2,C2- Young & Active
TX001128,4.72,Debit,Fort Worth,Branch,32.0,Engineer,20.0,4792.01,1.7439688053917064,2,C2- Young & Active
TX001129,144.93,Debit,Fresno,Branch,42.0,Engineer,74.0,6887.52,4.983127054679654,1,C1 - Saver 
TX001130,316.56,Debit,Denver,Online,28.0,Engineer,261.0,8643.51,5.760666776856913,1,C1 - Saver 
TX001132,421.25,Debit,Fort Worth,Online,25.0,Student,66.0,7174.69,6.04559755568791,2,C2- Young & Active
TX001133,185.71,Debit,Virginia Beach,Branch,48.0,Engineer,194.0,2679.91,5.2295566109772444,2,C2- Young & Active
TX001134,1432.02,Debit,Louisville,Branch,60.0,Retired,138.0,4315.07,7.267539384464902,0,C0 - High Spender  
TX001135,26.27,Credit,Portland,Online,45.0,Engineer,177.0,8853.93,3.305787196857497,1,C1 - Saver 
TX001136,297.03,Debit,Austin,Online,61.0,Retired,151.0,1088.62,5.697194152579344,1,C1 - Saver 
TX001137,341.67,Debit,Omaha,Branch,53.0,Retired,96.0,1442.29,5.836767884926147,2,C2- Young & Active
TX001138,99.52,Debit,San Diego,ATM,52.0,Engineer,127.0,3798.09,4.610356712675391,1,C1 - Saver 
TX001140,139.69,Debit,Indianapolis,Online,52.0,Engineer,180.0,9567.94,4.946558888389122,1,C1 - Saver 
TX001142,112.72,Debit,Washington,Branch,31.0,Doctor,17.0,9630.0,4.733739286782799,1,C1 - Saver 
TX001143,568.88,Debit,Nashville,Branch,19.0,Student,105.0,1307.86,6.34542581234903,2,C2- Young & Active
TX001144,189.03,Debit,Oklahoma City,ATM,28.0,Student,50.0,1916.46,5.247181954433266,2,C2- Young & Active
TX001146,189.08,Debit,Miami,Branch,68.0,Doctor,238.0,10790.8,5.24744503617428,1,C1 - Saver 
TX001147,958.9,Debit,Memphis,Branch,31.0,Engineer,135.0,9977.49,6.866829112369492,0,C0 - High Spender  
TX001150,283.15,Debit,Baltimore,Online,24.0,Student,180.0,603.79,5.649502267743131,2,C2- Young & Active
TX001151,151.82,Debit,Chicago,ATM,51.0,Retired,105.0,2197.12,5.02926075821942,2,C2- Young & Active
TX001152,438.59,Debit,San Jose,Online,37.0,Engineer,103.0,8994.39,6.085842474318043,1,C1 - Saver 
TX001154,63.74,Debit,Chicago,Online,63.0,Retired,31.0,4336.4,4.170379248498098,1,C1 - Saver 
TX001156,501.15,Debit,Phoenix,Branch,47.0,Engineer,208.0,8821.84,6.218898879839348,1,C1 - Saver 
TX001157,917.81,Debit,Kansas City,ATM,64.0,Retired,75.0,3173.17,6.8230793545171435,0,C0 - High Spender  
TX001158,8.95,Debit,Oklahoma City,Online,76.0,Retired,102.0,3299.84,2.2975725511705014,1,C1 - Saver 
TX001159,173.6,Debit,Austin,Online,21.0,Student,160.0,421.44,5.162497643405501,2,C2- Young & Active
TX001160,149.4,Debit,Chicago,ATM,53.0,Retired,123.0,1035.22,5.0132984115157395,2,C2- Young & Active
TX001161,388.21,Credit,Columbus,Branch,53.0,Doctor,237.0,9724.49,5.964119043712501,1,C1 - Saver 
TX001162,484.3,Credit,Boston,Online,61.0,Retired,230.0,7910.3,6.18476725641117,1,C1 - Saver 
TX001163,126.04,Credit,Charlotte,Branch,65.0,Retired,167.0,6041.69,4.844501997498826,1,C1 - Saver 
TX001164,52.04,Credit,Colorado Springs,Branch,50.0,Doctor,31.0,8436.12,3.971046345877607,1,C1 - Saver 
TX001165,389.7,Credit,Austin,Branch,62.0,Doctor,216.0,7125.15,5.967940002061025,1,C1 - Saver 
TX001166,161.1,Credit,Miami,ATM,19.0,Student,104.0,239.12,5.08821342874163,2,C2- Young & Active
TX001167,309.77,Credit,San Antonio,Online,67.0,Retired,137.0,4378.14,5.73905308873812,1,C1 - Saver 
TX001169,202.55,Debit,Dallas,ATM,21.0,Student,34.0,701.73,5.315911674948988,2,C2- Young & Active
TX001170,724.18,Debit,Fort Worth,Branch,41.0,Doctor,134.0,10922.78,6.586419899901392,0,C0 - High Spender  
TX001171,124.98,Debit,Washington,ATM,24.0,Student,78.0,642.0,4.836123164193783,2,C2- Young & Active
TX001172,487.32,Debit,Kansas City,Branch,52.0,Doctor,164.0,7707.96,6.1909709286560375,1,C1 - Saver 
TX001173,635.91,Credit,Jacksonville,Branch,46.0,Doctor,78.0,13267.09,6.45662835830603,0,C0 - High Spender  
TX001174,205.65,Debit,Houston,Branch,62.0,Retired,144.0,3582.16,5.331026540957741,1,C1 - Saver 
TX001175,39.41,Debit,Louisville,Branch,25.0,Student,132.0,921.91,3.6990772790903823,2,C2- Young & Active
TX001176,254.0,Debit,Nashville,Branch,35.0,Doctor,63.0,5788.53,5.541263545158426,2,C2- Young & Active
TX001177,436.8,Debit,Houston,Branch,36.0,Engineer,213.0,4515.43,6.081762185088762,2,C2- Young & Active
TX001178,224.73,Debit,Miami,Branch,76.0,Retired,63.0,7551.89,5.4193395947954865,1,C1 - Saver 
TX001179,752.69,Credit,Dallas,ATM,65.0,Doctor,115.0,14489.69,6.624981142882939,0,C0 - High Spender  
TX001180,78.5,Credit,San Jose,Branch,31.0,Doctor,41.0,13991.5,4.375757021660286,1,C1 - Saver 
TX001181,50.0,Credit,Jacksonville,ATM,53.0,Doctor,87.0,185.87,3.9318256327243257,2,C2- Young & Active
TX001182,132.42,Debit,Denver,ATM,18.0,Student,164.0,726.39,4.893502047281369,2,C2- Young & Active
TX001183,11.67,Debit,Fort Worth,Branch,76.0,Retired,105.0,7458.63,2.5392369943330477,1,C1 - Saver 
TX001184,83.16,Debit,Los Angeles,ATM,61.0,Retired,177.0,3065.87,4.4327197489894,1,C1 - Saver 
TX001185,149.02,Credit,Fort Worth,Branch,46.0,Engineer,176.0,9379.72,5.010768618541491,1,C1 - Saver 
TX001186,74.27,Credit,Memphis,Online,59.0,Doctor,148.0,13696.61,4.321081649046441,1,C1 - Saver 
TX001187,876.57,Credit,Portland,ATM,62.0,Retired,118.0,3743.63,6.77715672423817,0,C0 - High Spender  
TX001188,615.58,Debit,Jacksonville,ATM,42.0,Doctor,133.0,14343.0,6.424188078986973,1,C1 - Saver 
TX001189,643.03,Credit,Jacksonville,Online,36.0,Engineer,52.0,2882.16,6.467745308870291,0,C0 - High Spender  
TX001190,7.95,Debit,Phoenix,ATM,79.0,Retired,65.0,5631.2,2.191653532286764,1,C1 - Saver 
TX001191,270.92,Credit,Louisville,Branch,77.0,Retired,143.0,4574.43,5.605507905387861,1,C1 - Saver 
TX001192,499.48,Debit,Charlotte,ATM,24.0,Student,133.0,1242.62,6.215567637916892,2,C2- Young & Active
TX001193,841.5,Credit,Atlanta,Branch,25.0,Student,287.0,352.31,6.736373662226517,0,C0 - High Spender  
TX001194,138.82,Debit,Fort Worth,Online,77.0,Retired,53.0,3100.22,4.940355881083839,1,C1 - Saver 
TX001195,231.46,Credit,Miami,Branch,60.0,Engineer,83.0,4707.24,5.448718167215562,1,C1 - Saver 
TX001196,292.08,Debit,Columbus,ATM,72.0,Retired,32.0,7950.48,5.6804456092917635,1,C1 - Saver 
TX001197,63.98,Debit,Baltimore,Online,54.0,Doctor,258.0,7954.12,4.174079530240954,1,C1 - Saver 
TX001198,235.21,Debit,Boston,Branch,67.0,Doctor,74.0,5946.61,5.4647212398696166,1,C1 - Saver 
TX001199,201.73,Debit,Baltimore,Online,57.0,Engineer,78.0,6650.71,5.311875044480103,1,C1 - Saver 
TX001200,161.31,Debit,Nashville,ATM,28.0,Student,13.0,1268.67,5.089508086916979,2,C2- Young & Active
TX001201,18.41,Debit,Atlanta,Branch,53.0,Doctor,168.0,8287.54,2.9657883971809187,1,C1 - Saver 
TX001202,471.75,Credit,San Jose,Branch,34.0,Doctor,41.0,12948.5,6.158566707538567,1,C1 - Saver 
TX001203,290.02,Debit,Milwaukee,Branch,55.0,Engineer,246.0,4746.71,5.673391993332133,1,C1 - Saver 
TX001204,48.05,Debit,New York,Branch,27.0,Engineer,38.0,5334.97,3.892840186011372,2,C2- Young & Active
TX001205,359.42,Debit,Baltimore,Branch,55.0,Doctor,30.0,1765.45,5.887270018090125,1,C1 - Saver 
TX001206,32.91,Debit,Fort Worth,Online,19.0,Student,255.0,427.3,3.523709956137547,2,C2- Young & Active
TX001208,31.81,Debit,Fort Worth,Online,51.0,Retired,149.0,1406.6,3.4907333469730104,2,C2- Young & Active
TX001209,220.2,Debit,Boston,Online,28.0,Student,102.0,1075.15,5.39906726964818,2,C2- Young & Active
TX001210,476.03,Credit,Houston,Branch,77.0,Retired,99.0,5958.34,6.167579381992415,1,C1 - Saver 
TX001211,141.91,Debit,Miami,Branch,23.0,Student,49.0,791.97,4.962215061493703,2,C2- Young & Active
TX001212,95.83,Debit,Washington,Online,27.0,Student,91.0,1726.4,4.57295686362344,2,C2- Young & Active
TX001213,51.15,Credit,Los Angeles,Branch,46.0,Engineer,199.0,8992.25,3.9541241814467813,1,C1 - Saver 
TX001215,50.75,Debit,Boston,ATM,62.0,Doctor,185.0,8271.47,3.9464244321454784,1,C1 - Saver 
TX001216,185.07,Debit,Colorado Springs,Branch,22.0,Student,159.0,636.42,5.22612294699955,2,C2- Young & Active
TX001217,293.54,Debit,Sacramento,Online,40.0,Engineer,45.0,2290.1,5.685414817298017,2,C2- Young & Active
TX001219,285.26,Debit,Atlanta,ATM,28.0,Student,93.0,167.72,5.6569004887560705,2,C2- Young & Active
TX001221,743.03,Debit,New York,ATM,50.0,Engineer,174.0,4111.38,6.612081356600804,0,C0 - High Spender  
TX001222,297.86,Credit,Milwaukee,ATM,28.0,Student,96.0,1680.14,5.699975236313247,2,C2- Young & Active
TX001223,231.92,Debit,Indianapolis,ATM,66.0,Doctor,12.0,5715.08,5.450695046968919,1,C1 - Saver 
TX001224,295.82,Credit,Chicago,Branch,47.0,Engineer,46.0,5897.73,5.693125894467673,1,C1 - Saver 
TX001226,81.08,Debit,Omaha,ATM,58.0,Engineer,56.0,7788.91,4.407694381422459,1,C1 - Saver 
TX001227,775.6,Credit,Mesa,Branch,79.0,Retired,158.0,3898.64,6.654925417297567,0,C0 - High Spender  
TX001228,178.43,Debit,Baltimore,Branch,26.0,Student,136.0,1214.93,5.189785159724575,2,C2- Young & Active
TX001229,211.91,Debit,Indianapolis,Online,20.0,Student,181.0,927.47,5.360869541205001,2,C2- Young & Active
TX001230,17.21,Debit,Omaha,Online,23.0,Student,219.0,914.16,2.9019708937395166,2,C2- Young & Active
TX001231,124.22,Debit,Charlotte,ATM,23.0,Student,172.0,9695.04,4.830072190317164,1,C1 - Saver 
TX001232,38.37,Debit,San Antonio,ATM,63.0,Doctor,135.0,8647.04,3.673004104955646,1,C1 - Saver 
TX001233,269.79,Debit,San Jose,ATM,52.0,Engineer,17.0,1292.1,5.601343612734418,2,C2- Young & Active
TX001234,605.42,Debit,Mesa,ATM,21.0,Student,33.0,392.34,6.4075728153146265,2,C2- Young & Active
TX001236,29.19,Credit,Nashville,Branch,58.0,Doctor,41.0,12059.85,3.4075107437187473,1,C1 - Saver 
TX001237,701.7,Credit,Seattle,Online,61.0,Retired,64.0,6643.24,6.554930058198152,0,C0 - High Spender  
TX001238,862.34,Debit,Kansas City,Branch,57.0,Doctor,72.0,9903.48,6.760808588003381,0,C0 - High Spender  
TX001240,36.97,Debit,Virginia Beach,Branch,41.0,Engineer,79.0,2850.92,3.636796374243711,2,C2- Young & Active
TX001241,137.59,Debit,Nashville,ATM,30.0,Doctor,95.0,10679.67,4.931519934080711,1,C1 - Saver 
TX001242,168.11,Credit,New York,Online,51.0,Doctor,12.0,10652.13,5.130549390761593,1,C1 - Saver 
TX001243,430.98,Debit,Baltimore,Branch,24.0,Student,93.0,569.25,6.068379290876107,2,C2- Young & Active
TX001244,13.87,Debit,Phoenix,Branch,24.0,Student,20.0,954.83,2.6993457604720636,2,C2- Young & Active
TX001245,642.68,Debit,Jacksonville,ATM,76.0,Retired,66.0,1831.2,6.467201708201478,0,C0 - High Spender  
TX001246,175.07,Debit,Las Vegas,Online,28.0,Engineer,169.0,9274.64,5.170881643238353,1,C1 - Saver 
TX001247,302.82,Debit,Jacksonville,ATM,36.0,Engineer,175.0,9384.54,5.716435420779517,1,C1 - Saver 
TX001249,406.81,Debit,New York,Online,66.0,Retired,84.0,1968.36,6.010801379664123,1,C1 - Saver 
TX001250,256.3,Debit,New York,Online,53.0,Retired,172.0,4203.05,5.550242719287699,1,C1 - Saver 
TX001251,80.96,Credit,Jacksonville,Online,19.0,Student,97.0,959.94,4.406231323370699,2,C2- Young & Active
TX001252,95.78,Debit,Atlanta,Online,22.0,Student,27.0,271.64,4.572440361365173,2,C2- Young & Active
TX001253,379.54,Credit,Indianapolis,Branch,41.0,Doctor,118.0,12571.76,5.941591296612255,1,C1 - Saver 
TX001254,903.19,Debit,El Paso,Online,22.0,Student,65.0,8627.08,6.807039515299238,0,C0 - High Spender  
TX001255,142.19,Debit,Houston,Branch,18.0,Student,27.0,524.46,4.964172419685915,2,C2- Young & Active
TX001256,847.45,Debit,Jacksonville,Branch,28.0,Student,175.0,422.32,6.743411155418835,0,C0 - High Spender  
TX001257,295.18,Credit,Dallas,Branch,66.0,Doctor,31.0,12961.53,5.690967377609358,1,C1 - Saver 
TX001258,18.46,Debit,Charlotte,Branch,68.0,Retired,213.0,6381.6,2.968361076757859,1,C1 - Saver 
TX001259,603.23,Debit,Detroit,Branch,28.0,Student,48.0,117.98,6.403954920152899,2,C2- Young & Active
TX001260,54.5,Credit,Philadelphia,Branch,57.0,Retired,147.0,1715.22,4.0163830207523885,1,C1 - Saver 
TX001261,414.77,Debit,San Francisco,Online,29.0,Doctor,274.0,5599.81,6.03013222274882,2,C2- Young & Active
TX001262,886.19,Debit,Colorado Springs,Branch,61.0,Retired,69.0,7904.24,6.788059164556945,0,C0 - High Spender  
TX001263,440.03,Debit,San Jose,Online,49.0,Engineer,88.0,1490.44,6.089112900343984,2,C2- Young & Active
TX001265,76.39,Debit,Denver,Branch,18.0,Student,219.0,5976.0,4.348857573282368,2,C2- Young & Active
TX001266,595.91,Credit,San Antonio,ATM,19.0,Student,162.0,1673.76,6.391766348259266,2,C2- Young & Active
TX001267,6.03,Debit,Chicago,Branch,76.0,Retired,70.0,3290.72,1.9501867058225737,1,C1 - Saver 
TX001268,249.34,Debit,Charlotte,ATM,26.0,Engineer,197.0,3030.97,5.522819993899877,2,C2- Young & Active
TX001269,421.52,Debit,San Jose,Branch,20.0,Student,67.0,369.86,6.046236782954962,2,C2- Young & Active
TX001270,189.77,Debit,Raleigh,Branch,58.0,Engineer,24.0,6570.36,5.251068513947426,1,C1 - Saver 
TX001271,73.19,Debit,Atlanta,Branch,76.0,Retired,213.0,2264.98,4.306629370201435,1,C1 - Saver 
TX001272,188.13,Credit,Jacksonville,Online,75.0,Retired,198.0,5029.87,5.242434609300363,1,C1 - Saver 
TX001273,30.52,Debit,Jacksonville,Branch,62.0,Doctor,122.0,12327.74,3.4506222649896783,1,C1 - Saver 
TX001274,1235.69,Credit,San Jose,Branch,20.0,Student,118.0,420.25,7.120193734679902,0,C0 - High Spender  
TX001275,1159.39,Debit,Oklahoma City,Online,41.0,Doctor,150.0,6499.53,7.056511434492088,0,C0 - High Spender  
TX001276,170.24,Debit,San Francisco,Branch,62.0,Retired,133.0,5172.99,5.1430660812767455,1,C1 - Saver 
TX001277,56.62,Debit,Austin,Branch,54.0,Doctor,121.0,8981.1,4.053869729656382,1,C1 - Saver 
TX001278,53.14,Debit,Las Vegas,ATM,34.0,Doctor,70.0,7915.0,3.9915732841861553,1,C1 - Saver 
TX001279,587.23,Debit,Omaha,Online,27.0,Student,144.0,500.84,6.377118027879466,2,C2- Young & Active
TX001281,21.27,Credit,Indianapolis,Online,62.0,Retired,114.0,7392.79,3.1032404812692764,1,C1 - Saver 
TX001282,1397.59,Credit,Austin,ATM,26.0,Student,144.0,1134.79,7.243219865237055,0,C0 - High Spender  
TX001283,76.02,Credit,Albuquerque,Online,34.0,Doctor,189.0,14765.41,4.344065128386763,1,C1 - Saver 
TX001286,135.15,Debit,Colorado Springs,Online,72.0,Retired,50.0,5878.14,4.913757219119769,1,C1 - Saver 
TX001287,39.48,Debit,Omaha,ATM,56.0,Retired,38.0,5889.51,3.70080802497921,1,C1 - Saver 
TX001288,451.68,Debit,Houston,Online,33.0,Engineer,15.0,4381.54,6.115185474097741,2,C2- Young & Active
TX001290,355.0,Credit,Fort Worth,Online,26.0,Student,33.0,185.47,5.87493073085203,2,C2- Young & Active
TX001291,427.69,Debit,Raleigh,ATM,43.0,Engineer,236.0,2443.54,6.060734046996435,2,C2- Young & Active
TX001292,254.86,Debit,Boston,Branch,23.0,Student,102.0,699.9,5.544630419888889,2,C2- Young & Active
TX001293,19.48,Debit,Dallas,ATM,27.0,Engineer,114.0,4739.59,3.019448800171307,2,C2- Young & Active
TX001294,190.17,Debit,Baltimore,ATM,49.0,Doctor,265.0,12893.85,5.253163084540927,1,C1 - Saver 
TX001296,206.63,Credit,Oklahoma City,Online,59.0,Retired,128.0,7626.53,5.335757649521882,1,C1 - Saver 
TX001297,93.22,Debit,Charlotte,Online,52.0,Retired,52.0,1014.63,4.545632473271895,2,C2- Young & Active
TX001298,547.98,Debit,Oklahoma City,ATM,28.0,Student,171.0,1358.54,6.308062010973451,2,C2- Young & Active
TX001299,641.06,Debit,Colorado Springs,ATM,23.0,Student,25.0,1602.13,6.464681757266964,2,C2- Young & Active
TX001300,314.55,Credit,Dallas,Branch,27.0,Student,19.0,1105.89,5.754317148030249,2,C2- Young & Active
TX001301,836.45,Debit,Virginia Beach,Online,61.0,Retired,63.0,1731.89,6.7303615604244795,0,C0 - High Spender  
TX001302,1095.09,Debit,San Francisco,ATM,29.0,Engineer,52.0,8692.47,6.999504580924883,0,C0 - High Spender  
TX001303,189.45,Credit,Boston,Branch,53.0,Doctor,62.0,12578.75,5.249389692924613,1,C1 - Saver 
TX001304,91.84,Credit,Mesa,Branch,67.0,Retired,80.0,1712.41,4.530877581406236,1,C1 - Saver 
TX001305,609.52,Debit,Washington,ATM,78.0,Retired,169.0,3485.03,6.414311053046921,0,C0 - High Spender  
TX001306,859.3,Credit,Colorado Springs,Branch,78.0,Retired,68.0,1146.78,6.757281165627302,0,C0 - High Spender  
TX001307,100.01,Debit,Philadelphia,ATM,50.0,Doctor,63.0,6393.12,4.615219521841093,1,C1 - Saver 
TX001308,28.78,Credit,Tucson,Online,40.0,Doctor,51.0,680.55,3.393837027255863,2,C2- Young & Active
TX001309,111.08,Debit,Chicago,Online,70.0,Doctor,83.0,7037.34,4.719212902028752,1,C1 - Saver 
TX001310,470.96,Credit,Indianapolis,Online,69.0,Doctor,124.0,12991.03,6.156894236231718,1,C1 - Saver 
TX001311,52.23,Credit,San Francisco,Branch,28.0,Student,96.0,105.01,3.974622147184666,2,C2- Young & Active
TX001312,78.62,Debit,Oklahoma City,Branch,32.0,Doctor,52.0,1360.85,4.377265317572171,2,C2- Young & Active
TX001313,47.79,Debit,Denver,Branch,25.0,Student,37.0,1649.92,3.8875253738277458,2,C2- Young & Active
TX001314,333.97,Debit,Fresno,Branch,52.0,Doctor,45.0,5237.36,5.814040975576219,1,C1 - Saver 
TX001315,30.87,Debit,Fresno,ATM,33.0,Doctor,295.0,14348.65,3.461665128429245,1,C1 - Saver 
TX001316,710.43,Debit,San Diego,Online,67.0,Retired,115.0,5625.55,6.567277028993498,0,C0 - High Spender  
TX001317,220.23,Debit,Milwaukee,ATM,41.0,Engineer,48.0,3438.02,5.3992028843218955,2,C2- Young & Active
TX001318,27.28,Debit,Atlanta,ATM,29.0,Doctor,96.0,10668.24,3.342154841028372,1,C1 - Saver 
TX001319,101.52,Debit,Tucson,ATM,49.0,Engineer,98.0,2018.9,4.630057901495871,2,C2- Young & Active
TX001320,162.65,Debit,New York,ATM,59.0,Engineer,147.0,9500.95,5.097730000947189,1,C1 - Saver 
TX001321,10.52,Debit,Kansas City,ATM,55.0,Retired,30.0,2472.99,2.444084655267745,1,C1 - Saver 
TX001322,270.72,Debit,Los Angeles,Branch,38.0,Doctor,37.0,6522.47,5.604772124323102,1,C1 - Saver 
TX001324,247.58,Debit,San Antonio,ATM,39.0,Engineer,152.0,778.74,5.515764725317365,2,C2- Young & Active
TX001326,359.65,Credit,Jacksonville,Online,25.0,Student,289.0,219.53,5.887907958949682,2,C2- Young & Active
TX001327,109.91,Debit,Seattle,Branch,38.0,Doctor,90.0,12896.06,4.70871906161665,1,C1 - Saver 
TX001328,215.72,Credit,Columbus,Branch,30.0,Engineer,137.0,8697.11,5.37860619777684,1,C1 - Saver 
TX001329,490.76,Debit,Columbus,Online,66.0,Retired,156.0,6414.11,6.197990792598754,1,C1 - Saver 
TX001330,224.28,Debit,Chicago,Online,64.0,Retired,68.0,5767.51,5.417344072969677,1,C1 - Saver 
TX001332,608.79,Debit,Fort Worth,Online,55.0,Engineer,157.0,2991.17,6.413114635600407,0,C0 - High Spender  
TX001334,840.16,Credit,Colorado Springs,Branch,20.0,Student,68.0,1236.76,6.7347818915805036,0,C0 - High Spender  
TX001335,203.34,Debit,Phoenix,ATM,60.0,Doctor,66.0,13586.99,5.319785273163277,1,C1 - Saver 
TX001336,90.88,Debit,Colorado Springs,ATM,26.0,Engineer,284.0,7117.35,4.520483377820898,2,C2- Young & Active
TX001337,60.11,Credit,Albuquerque,Branch,61.0,Retired,122.0,7235.87,4.1126755189068245,1,C1 - Saver 
TX001338,393.92,Debit,Memphis,Branch,72.0,Retired,47.0,7318.64,5.978683212743249,1,C1 - Saver 
TX001339,19.39,Debit,Colorado Springs,ATM,43.0,Doctor,45.0,9847.6,3.015044584586364,1,C1 - Saver 
TX001340,557.41,Credit,Washington,Online,80.0,Retired,49.0,2968.75,6.325093459597267,1,C1 - Saver 
TX001341,57.07,Credit,Boston,Online,31.0,Doctor,99.0,9323.71,4.061649179383958,1,C1 - Saver 
TX001342,395.27,Credit,Miami,Online,18.0,Student,167.0,1764.08,5.982095797103882,2,C2- Young & Active
TX001343,289.05,Debit,New York,ATM,75.0,Retired,116.0,5683.49,5.670053321912073,1,C1 - Saver 
TX001344,46.11,Debit,San Francisco,Online,33.0,Doctor,233.0,5225.73,3.8524852927119495,2,C2- Young & Active
TX001345,335.5,Debit,Sacramento,ATM,63.0,Retired,47.0,6445.4,5.8185981490847825,1,C1 - Saver 
TX001346,388.07,Debit,Seattle,Online,24.0,Student,68.0,289.71,5.96375927601576,2,C2- Young & Active
TX001347,520.86,Credit,Sacramento,Online,51.0,Engineer,66.0,9200.74,6.2573993526770755,1,C1 - Saver 
TX001348,787.41,Debit,Memphis,Online,25.0,Student,39.0,300.87,6.670018259114919,0,C0 - High Spender  
TX001349,31.7,Credit,Raleigh,ATM,48.0,Doctor,121.0,743.9,3.4873750779032076,2,C2- Young & Active
TX001350,22.3,Debit,Philadelphia,ATM,21.0,Student,90.0,1200.35,3.148453360571655,2,C2- Young & Active
TX001351,203.12,Debit,San Jose,ATM,56.0,Retired,181.0,1562.39,5.318708056195771,1,C1 - Saver 
TX001352,315.94,Credit,Raleigh,Branch,49.0,Doctor,172.0,7719.71,5.758712481514662,1,C1 - Saver 
TX001353,192.23,Debit,Albuquerque,Online,54.0,Engineer,39.0,2610.67,5.263881189226909,1,C1 - Saver 
TX001354,1510.71,Debit,Oklahoma City,Online,66.0,Retired,51.0,2060.02,7.32099673940191,0,C0 - High Spender  
TX001355,0.26,Debit,Oklahoma City,Online,20.0,Student,173.0,1833.67,0.23111172096338664,2,C2- Young & Active
TX001356,210.77,Debit,Mesa,ATM,71.0,Retired,161.0,5396.65,5.355500780075491,1,C1 - Saver 
TX001357,406.65,Debit,Mesa,ATM,57.0,Doctor,107.0,12995.7,6.01040896310892,1,C1 - Saver 
TX001358,422.9,Debit,Tucson,ATM,40.0,Engineer,111.0,7616.43,6.049497578358592,1,C1 - Saver 
TX001359,20.62,Credit,Philadelphia,ATM,35.0,Doctor,225.0,12500.8,3.073618812211062,1,C1 - Saver 
TX001360,174.39,Debit,San Francisco,ATM,19.0,Student,36.0,1127.08,5.167012065770046,2,C2- Young & Active
TX001361,7.86,Credit,Sacramento,Branch,76.0,Retired,91.0,3621.98,2.1815467646169897,1,C1 - Saver 
TX001363,54.85,Credit,San Francisco,Branch,58.0,Retired,40.0,2727.45,4.02266952551521,1,C1 - Saver 
TX001364,204.7,Debit,Oklahoma City,Branch,49.0,Doctor,95.0,5117.03,5.326418796658912,1,C1 - Saver 
TX001365,16.55,Debit,Tucson,Branch,26.0,Engineer,159.0,6089.79,2.865053949911875,2,C2- Young & Active
TX001366,91.32,Debit,Milwaukee,Branch,58.0,Engineer,77.0,2618.1,4.52526080275979,1,C1 - Saver 
TX001368,49.62,Debit,Portland,ATM,55.0,Engineer,111.0,3841.42,3.9243467551169777,1,C1 - Saver 
TX001369,487.16,Credit,Los Angeles,Branch,28.0,Student,84.0,321.21,6.19064322096836,2,C2- Young & Active
TX001370,405.6,Debit,Tucson,Online,37.0,Engineer,44.0,9754.73,6.007829901194246,1,C1 - Saver 
TX001371,512.95,Debit,Columbus,Branch,57.0,Engineer,143.0,9584.52,6.242125984458931,1,C1 - Saver 
TX001372,345.94,Debit,Portland,ATM,31.0,Doctor,163.0,7624.56,5.849151854333263,1,C1 - Saver 
TX001373,356.56,Debit,New York,Online,47.0,Engineer,52.0,2485.73,5.879303180219652,2,C2- Young & Active
TX001374,10.31,Debit,Louisville,Online,36.0,Engineer,280.0,2137.9,2.425687290128029,2,C2- Young & Active
TX001375,211.69,Debit,Atlanta,Branch,30.0,Doctor,111.0,6412.85,5.359835706526454,2,C2- Young & Active
TX001376,221.49,Credit,Oklahoma City,Branch,23.0,Student,196.0,707.25,5.4048821567760665,2,C2- Young & Active
TX001377,278.23,Debit,Fresno,Online,48.0,Engineer,83.0,8300.54,5.632035814972629,1,C1 - Saver 
TX001378,116.88,Debit,Memphis,ATM,45.0,Doctor,263.0,7717.34,4.769667157869494,1,C1 - Saver 
TX001379,328.77,Credit,San Diego,Online,39.0,Doctor,247.0,6967.03,5.798395441767263,1,C1 - Saver 
TX001380,77.53,Debit,Louisville,Branch,54.0,Retired,55.0,5158.6,4.363480717386783,1,C1 - Saver 
TX001381,421.74,Debit,San Jose,Online,67.0,Doctor,103.0,12031.14,6.046757332856691,1,C1 - Saver 
TX001382,313.69,Debit,Oklahoma City,Branch,73.0,Retired,152.0,7093.68,5.7515880272706,1,C1 - Saver 
TX001383,411.72,Debit,Washington,Branch,29.0,Doctor,153.0,8539.86,6.022769396936394,1,C1 - Saver 
TX001384,508.73,Debit,Chicago,Branch,59.0,Retired,89.0,7640.57,6.233881173765777,1,C1 - Saver 
TX001385,153.08,Debit,Omaha,ATM,24.0,Student,201.0,1292.21,5.037471948049816,2,C2- Young & Active
TX001386,23.01,Debit,Las Vegas,Branch,63.0,Retired,166.0,5958.75,3.178470410233162,1,C1 - Saver 
TX001387,69.28,Debit,Los Angeles,Online,25.0,Student,129.0,708.74,4.252487263318897,2,C2- Young & Active
TX001388,51.25,Credit,Austin,Branch,28.0,Student,66.0,1744.4,3.9560398908449206,2,C2- Young & Active
TX001389,407.65,Debit,Denver,ATM,25.0,Student,263.0,273.78,6.0128590439621385,2,C2- Young & Active
TX001390,459.25,Debit,Tucson,Branch,25.0,Student,59.0,130.76,6.131769820113187,2,C2- Young & Active
TX001391,301.56,Debit,Seattle,Branch,49.0,Doctor,118.0,10389.6,5.712279604910147,1,C1 - Saver 
TX001392,17.67,Debit,San Diego,Online,63.0,Doctor,91.0,1048.18,2.9269179575536315,1,C1 - Saver 
TX001393,5.29,Credit,San Francisco,Online,32.0,Doctor,132.0,12896.68,1.8389610707123492,1,C1 - Saver 
TX001394,401.37,Debit,Los Angeles,Branch,43.0,Engineer,251.0,8208.54,5.997372063322444,1,C1 - Saver 
TX001395,145.4,Debit,Tucson,Online,38.0,Engineer,24.0,5244.49,4.986342601527212,2,C2- Young & Active
TX001396,556.34,Debit,Seattle,Online,37.0,Doctor,46.0,11935.14,6.323175466627484,1,C1 - Saver 
TX001397,34.31,Debit,Philadelphia,ATM,24.0,Student,251.0,1484.76,3.564166209940295,2,C2- Young & Active
TX001398,780.59,Credit,Tucson,Online,23.0,Student,145.0,6513.34,6.661330306378558,0,C0 - High Spender  
TX001399,282.65,Debit,Fort Worth,ATM,35.0,Doctor,161.0,13801.15,5.647741083772576,1,C1 - Saver 
TX001400,305.27,Debit,Las Vegas,Online,68.0,Doctor,147.0,12958.65,5.7244670658490335,1,C1 - Saver 
TX001401,185.81,Debit,Austin,Online,32.0,Doctor,116.0,9588.71,5.23009205755247,1,C1 - Saver 
TX001403,447.95,Debit,Tucson,Branch,29.0,Engineer,75.0,7544.4,6.106911522966818,2,C2- Young & Active
TX001404,279.3,Debit,Oklahoma City,ATM,19.0,Student,48.0,1193.61,5.635860458170742,2,C2- Young & Active
TX001406,611.15,Debit,Detroit,ATM,27.0,Student,121.0,892.83,6.416977350519924,2,C2- Young & Active
TX001407,275.2,Debit,New York,Online,54.0,Engineer,81.0,1230.12,5.621125240975192,2,C2- Young & Active
TX001408,427.79,Debit,San Jose,Branch,18.0,Student,189.0,1479.67,6.060967288589134,2,C2- Young & Active
TX001409,469.13,Credit,San Antonio,ATM,54.0,Doctor,139.0,1265.28,6.153009252203234,2,C2- Young & Active
TX001410,102.81,Debit,Seattle,Branch,76.0,Retired,47.0,3228.87,4.642562305205154,1,C1 - Saver 
TX001411,22.61,Debit,Seattle,Online,19.0,Student,145.0,1111.67,3.1616703510974213,2,C2- Young & Active
TX001412,68.28,Debit,Boston,Online,56.0,Engineer,293.0,3213.16,4.2381562642541795,1,C1 - Saver 
TX001413,33.65,Credit,New York,Online,63.0,Doctor,146.0,12719.93,3.5452977256359124,1,C1 - Saver 
TX001414,362.68,Credit,Miami,ATM,63.0,Retired,137.0,2040.77,5.896274360104233,1,C1 - Saver 
TX001415,73.23,Debit,San Francisco,Branch,20.0,Student,172.0,1309.85,4.307168381129456,2,C2- Young & Active
TX001416,654.49,Credit,Austin,Online,25.0,Student,104.0,164.61,6.485383047557258,2,C2- Young & Active
TX001417,18.56,Credit,Memphis,Branch,49.0,Engineer,161.0,4230.37,2.9734866646066713,1,C1 - Saver 
TX001418,389.05,Debit,Dallas,ATM,27.0,Student,41.0,761.0,5.966274936034322,2,C2- Young & Active
TX001421,66.91,Debit,Seattle,ATM,39.0,Doctor,85.0,871.1,4.2181832991257,2,C2- Young & Active
TX001422,335.48,Debit,Oklahoma City,Branch,45.0,Engineer,155.0,3023.16,5.81853871195439,2,C2- Young & Active
TX001423,38.14,Debit,Albuquerque,Online,19.0,Student,174.0,1119.21,3.66714496196793,2,C2- Young & Active
TX001424,1076.98,Debit,Detroit,Branch,60.0,Doctor,173.0,11833.73,6.98284419842114,0,C0 - High Spender  
TX001425,360.02,Debit,Dallas,Online,68.0,Retired,68.0,6400.59,5.888933358460315,1,C1 - Saver 
TX001426,567.71,Debit,Memphis,Online,63.0,Doctor,80.0,13884.24,6.343370638121583,1,C1 - Saver 
TX001427,218.19,Debit,Austin,ATM,19.0,Student,185.0,620.83,5.3899389335952606,2,C2- Young & Active
TX001428,209.99,Debit,Denver,ATM,19.0,Student,40.0,1938.01,5.3518107389880365,2,C2- Young & Active
TX001429,11.02,Debit,Tucson,Branch,19.0,Student,280.0,964.79,2.4865719291070616,2,C2- Young & Active
TX001430,83.43,Debit,New York,Online,56.0,Retired,109.0,1870.16,4.435922788681409,1,C1 - Saver 
TX001431,344.97,Debit,Austin,Online,34.0,Doctor,106.0,5577.94,5.846352066096299,2,C2- Young & Active
TX001432,172.29,Debit,El Paso,ATM,36.0,Engineer,283.0,8700.8,5.154966491652154,1,C1 - Saver 
TX001433,195.54,Debit,Omaha,Online,60.0,Retired,255.0,2794.66,5.280865972934281,1,C1 - Saver 
TX001434,101.23,Debit,Colorado Springs,Online,45.0,Engineer,87.0,6169.71,4.627225176768922,1,C1 - Saver 
TX001435,180.46,Debit,Fresno,ATM,25.0,Student,34.0,831.75,5.201035243741483,2,C2- Young & Active
TX001436,692.55,Debit,Charlotte,Branch,53.0,Retired,109.0,2451.56,6.541823335209299,0,C0 - High Spender  
TX001437,147.31,Credit,Mesa,Online,34.0,Doctor,92.0,13625.52,4.999304677753871,1,C1 - Saver 
TX001438,107.48,Debit,Los Angeles,Branch,20.0,Student,103.0,1379.39,4.686565824192085,2,C2- Young & Active
TX001439,1831.02,Credit,Columbus,Online,62.0,Doctor,83.0,11498.01,7.513174462205053,0,C0 - High Spender  
TX001440,81.51,Debit,Washington,Branch,25.0,Student,97.0,865.49,4.412919498116252,2,C2- Young & Active
TX001441,365.48,Credit,Seattle,Online,76.0,Retired,216.0,7147.4,5.903943949578487,1,C1 - Saver 
TX001442,491.1,Credit,Houston,Online,35.0,Engineer,125.0,7833.85,6.198681947871933,1,C1 - Saver 
TX001443,452.8,Debit,Los Angeles,Branch,80.0,Retired,151.0,4840.67,6.117656572345742,1,C1 - Saver 
TX001444,645.04,Debit,Memphis,Branch,70.0,Retired,78.0,7361.47,6.470861421370312,0,C0 - High Spender  
TX001445,169.28,Debit,Philadelphia,Branch,45.0,Doctor,114.0,5128.44,5.137444140959952,1,C1 - Saver 
TX001446,88.42,Debit,El Paso,ATM,62.0,Doctor,91.0,12381.45,4.4933443708058345,1,C1 - Saver 
TX001447,155.53,Debit,Baltimore,ATM,29.0,Engineer,66.0,4008.05,5.053247684900132,2,C2- Young & Active
TX001448,991.82,Debit,Milwaukee,Online,43.0,Engineer,300.0,3493.13,6.9005493787318075,0,C0 - High Spender  
TX001449,39.24,Debit,Dallas,ATM,77.0,Retired,106.0,6462.41,3.6948615257914836,1,C1 - Saver 
TX001450,152.01,Debit,Fort Worth,ATM,42.0,Engineer,111.0,4625.12,5.030503278733722,1,C1 - Saver 
TX001451,78.77,Credit,Las Vegas,ATM,48.0,Engineer,50.0,6470.57,4.379147493923038,1,C1 - Saver 
TX001452,26.5,Debit,Indianapolis,Online,48.0,Engineer,179.0,4854.83,3.3141860046725258,1,C1 - Saver 
TX001453,83.62,Debit,Raleigh,ATM,48.0,Doctor,146.0,12652.22,4.438170645291922,1,C1 - Saver 
TX001454,142.78,Debit,San Diego,Branch,68.0,Doctor,150.0,11705.88,4.968284353555726,1,C1 - Saver 
TX001455,55.99,Debit,El Paso,ATM,35.0,Doctor,95.0,932.61,4.0428758138469085,2,C2- Young & Active
TX001456,774.48,Debit,Louisville,Branch,61.0,Doctor,31.0,11613.58,6.653482192471007,0,C0 - High Spender  
TX001457,105.37,Debit,Sacramento,ATM,25.0,Student,160.0,1068.55,4.666923582263574,2,C2- Young & Active
TX001458,118.83,Debit,Virginia Beach,Online,28.0,Student,295.0,1616.3,4.786074071694426,2,C2- Young & Active
TX001459,46.22,Debit,San Jose,Branch,23.0,Student,217.0,471.28,3.8548175316573667,2,C2- Young & Active
TX001460,659.71,Credit,San Jose,Branch,21.0,Student,148.0,106.86,6.493315014383689,2,C2- Young & Active
TX001461,377.97,Debit,Miami,Online,72.0,Retired,160.0,2457.1,5.937457046276627,1,C1 - Saver 
TX001462,114.1,Debit,Boston,Branch,69.0,Retired,148.0,5882.12,4.745801315727837,1,C1 - Saver 
TX001463,11.3,Credit,Louisville,Online,55.0,Retired,41.0,1938.99,2.509599262378372,1,C1 - Saver 
TX001464,95.5,Debit,Omaha,Online,57.0,Retired,17.0,4079.09,4.56954300834494,1,C1 - Saver 
TX001465,130.93,Credit,Houston,Branch,28.0,Engineer,149.0,860.12,4.882271478895685,2,C2- Young & Active
TX001466,272.97,Debit,Boston,Online,68.0,Retired,174.0,7811.31,5.6130186113426115,1,C1 - Saver 
TX001467,73.35,Debit,San Francisco,Branch,24.0,Student,47.0,1181.84,4.308783672906164,2,C2- Young & Active
TX001468,29.94,Debit,San Francisco,ATM,58.0,Doctor,243.0,10915.54,3.43204984514492,1,C1 - Saver 
TX001469,307.24,Debit,San Jose,ATM,19.0,Student,136.0,1670.72,5.730878700317902,2,C2- Young & Active
TX001470,50.52,Debit,Boston,Online,20.0,Student,140.0,1121.19,3.9419700817960983,2,C2- Young & Active
TX001471,820.46,Credit,Fort Worth,Online,53.0,Engineer,243.0,5621.86,6.71108324487372,0,C0 - High Spender  
TX001472,153.07,Debit,Detroit,ATM,56.0,Engineer,116.0,8873.43,5.037407044593683,1,C1 - Saver 
TX001473,52.94,Debit,Tucson,Branch,41.0,Doctor,146.0,6990.92,3.987872317711584,1,C1 - Saver 
TX001474,384.41,Debit,Jacksonville,ATM,60.0,Engineer,65.0,7831.56,5.9543077027116285,1,C1 - Saver 
TX001475,235.42,Debit,Phoenix,Branch,51.0,Retired,175.0,6173.23,5.465609884322231,1,C1 - Saver 
TX001476,114.23,Debit,Dallas,ATM,56.0,Doctor,64.0,9523.72,4.746930131025923,1,C1 - Saver 
TX001477,12.62,Debit,El Paso,Branch,33.0,Doctor,61.0,6420.47,2.611539300721366,2,C2- Young & Active
TX001478,997.37,Debit,Fort Worth,ATM,23.0,Student,145.0,1146.09,6.906123949086788,0,C0 - High Spender  
TX001479,373.52,Debit,Colorado Springs,ATM,35.0,Engineer,235.0,6430.41,5.925645206070689,1,C1 - Saver 
TX001480,336.05,Debit,San Antonio,Branch,28.0,Student,164.0,1635.05,5.820231287299448,2,C2- Young & Active
TX001481,366.93,Debit,Houston,Online,66.0,Retired,33.0,6697.79,5.907892702684004,1,C1 - Saver 
TX001482,112.27,Debit,Seattle,Branch,58.0,Doctor,102.0,7369.89,4.729774349212622,1,C1 - Saver 
TX001483,494.96,Debit,Sacramento,ATM,40.0,Engineer,132.0,6903.68,6.206495278311642,1,C1 - Saver 
TX001484,561.58,Debit,Sacramento,Online,65.0,Doctor,23.0,11748.86,6.332533346188176,1,C1 - Saver 
TX001485,440.94,Debit,San Antonio,Online,42.0,Doctor,148.0,7303.23,6.091174126256959,1,C1 - Saver 
TX001486,71.9,Debit,Los Angeles,Branch,29.0,Doctor,51.0,10619.35,4.289088639014612,1,C1 - Saver 
TX001487,256.66,Credit,Raleigh,Online,54.0,Retired,137.0,1794.5,5.551640886363379,1,C1 - Saver 
TX001488,166.55,Credit,Houston,Branch,59.0,Doctor,99.0,12970.21,5.12128181418332,1,C1 - Saver 
TX001489,276.26,Debit,Louisville,Branch,56.0,Doctor,143.0,120.89,5.62495569411023,2,C2- Young & Active
TX001490,35.46,Debit,Indianapolis,ATM,67.0,Doctor,164.0,5692.31,3.596215769250517,1,C1 - Saver 
TX001491,38.14,Debit,Portland,Branch,50.0,Engineer,165.0,9879.87,3.66714496196793,1,C1 - Saver 
TX001492,506.26,Credit,Baltimore,ATM,64.0,Retired,86.0,6266.65,6.229023692656502,1,C1 - Saver 
TX001493,736.32,Debit,Indianapolis,Online,31.0,Doctor,28.0,14268.95,6.603021990627973,0,C0 - High Spender  
TX001494,389.43,Credit,Austin,ATM,52.0,Engineer,151.0,6449.83,5.9672486958488635,1,C1 - Saver 
TX001495,25.58,Debit,Omaha,ATM,60.0,Engineer,166.0,6741.41,3.2801590532850993,1,C1 - Saver 
TX001496,446.1,Debit,Seattle,ATM,25.0,Student,243.0,1008.44,6.102782283239935,2,C2- Young & Active
TX001497,147.74,Debit,Raleigh,Branch,23.0,Student,15.0,1711.78,5.002199815275154,2,C2- Young & Active
TX001498,1228.81,Debit,San Francisco,ATM,26.0,Student,254.0,1821.0,7.11461496488979,0,C0 - High Spender  
TX001499,46.23,Debit,Fresno,Online,77.0,Retired,282.0,5107.75,3.8550292839080256,1,C1 - Saver 
TX001500,265.37,Debit,Washington,Branch,33.0,Engineer,77.0,5229.95,5.5848863197123455,2,C2- Young & Active
TX001501,342.57,Debit,Boston,Online,20.0,Student,91.0,339.16,5.839390875471746,2,C2- Young & Active
TX001502,417.26,Credit,New York,Online,32.0,Doctor,45.0,10442.48,6.036103248726362,1,C1 - Saver 
TX001503,33.63,Debit,Columbus,Online,63.0,Retired,76.0,4324.4,3.5447203584143305,1,C1 - Saver 
TX001504,64.58,Debit,El Paso,Branch,55.0,Retired,173.0,6292.29,4.1832707714165025,1,C1 - Saver 
TX001505,23.23,Credit,Miami,Branch,21.0,Student,122.0,269.01,3.1875915348284343,2,C2- Young & Active
TX001507,278.88,Debit,Kansas City,Branch,64.0,Doctor,179.0,1334.09,5.634360939877696,1,C1 - Saver 
TX001508,285.49,Credit,Charlotte,Branch,53.0,Doctor,109.0,6366.84,5.657703631531674,1,C1 - Saver 
TX001509,71.87,Debit,Nashville,ATM,22.0,Student,258.0,1839.1,4.288677031682191,2,C2- Young & Active
TX001510,308.8,Debit,Baltimore,ATM,53.0,Retired,41.0,3966.54,5.735926927982768,1,C1 - Saver 
TX001512,288.43,Debit,Phoenix,Branch,66.0,Retired,72.0,4577.09,5.66791347157529,1,C1 - Saver 
TX001513,147.46,Credit,Albuquerque,Online,65.0,Doctor,205.0,7458.03,5.000315561689401,1,C1 - Saver 
TX001515,71.34,Debit,Miami,Online,49.0,Engineer,144.0,6345.03,4.281377226523952,1,C1 - Saver 
TX001516,170.36,Debit,Indianapolis,ATM,30.0,Doctor,118.0,6034.73,5.1437666066994385,2,C2- Young & Active
TX001517,965.66,Debit,Raleigh,ATM,53.0,Engineer,32.0,765.81,6.87384683073095,0,C0 - High Spender  
TX001518,736.53,Debit,Philadelphia,ATM,55.0,Engineer,120.0,9826.26,6.603306765352751,0,C0 - High Spender  
TX001519,213.42,Debit,Columbus,ATM,45.0,Engineer,17.0,3736.38,5.367936708428093,2,C2- Young & Active
TX001520,94.09,Debit,Miami,Branch,27.0,Student,203.0,646.85,4.554823811551353,2,C2- Young & Active
TX001522,263.92,Credit,San Diego,Branch,57.0,Retired,233.0,4161.71,5.579427893616779,1,C1 - Saver 
TX001523,77.5,Credit,Fort Worth,Online,51.0,Doctor,201.0,11079.77,4.363098624788362,1,C1 - Saver 
TX001524,3.65,Debit,Miami,Online,69.0,Doctor,146.0,10017.11,1.536867219599265,1,C1 - Saver 
TX001525,43.88,Credit,Seattle,Online,26.0,Student,251.0,1644.09,3.803992261214441,2,C2- Young & Active
TX001527,224.79,Debit,Boston,Online,18.0,Student,129.0,528.38,5.419605363755236,2,C2- Young & Active
TX001528,64.3,Debit,Louisville,ATM,55.0,Retired,67.0,7530.3,4.178992036282385,1,C1 - Saver 
TX001529,111.79,Debit,Jacksonville,Online,62.0,Doctor,49.0,10887.59,4.725527682651825,1,C1 - Saver 
TX001530,927.16,Debit,San Francisco,ATM,59.0,Retired,153.0,7104.61,6.833204131717754,0,C0 - High Spender  
TX001531,613.7,Credit,Fort Worth,Branch,61.0,Retired,37.0,7307.11,6.421134343912964,0,C0 - High Spender  
TX001532,26.07,Debit,Baltimore,Branch,20.0,Student,19.0,349.98,3.29842610362621,2,C2- Young & Active
TX001533,170.45,Debit,San Francisco,Branch,60.0,Engineer,199.0,2284.41,5.144291678908929,1,C1 - Saver 
TX001534,344.27,Debit,San Antonio,Branch,22.0,Student,123.0,1918.36,5.844326719648509,2,C2- Young & Active
TX001535,872.72,Debit,Washington,Online,22.0,Student,288.0,503.01,6.77275995819462,0,C0 - High Spender  
TX001536,292.95,Debit,Memphis,Branch,37.0,Engineer,56.0,1216.91,5.683409684848264,2,C2- Young & Active
TX001537,28.44,Debit,Fresno,ATM,18.0,Student,243.0,1071.04,3.3823542938606757,2,C2- Young & Active
TX001538,209.02,Debit,El Paso,ATM,21.0,Student,74.0,187.9,5.3472027642778475,2,C2- Young & Active
TX001539,20.05,Debit,Chicago,ATM,72.0,Retired,171.0,7145.67,3.0469005601283903,1,C1 - Saver 
TX001540,175.02,Debit,Phoenix,Online,28.0,Student,71.0,1493.88,5.170597624945666,2,C2- Young & Active
TX001541,89.5,Credit,Louisville,Branch,41.0,Engineer,134.0,8658.95,4.505349850705881,1,C1 - Saver 
TX001542,69.96,Debit,Baltimore,Branch,28.0,Student,31.0,164.12,4.262116338001324,2,C2- Young & Active
TX001544,376.78,Credit,Nashville,Online,21.0,Student,88.0,841.65,5.934312015603673,2,C2- Young & Active
TX001545,148.54,Credit,Columbus,Branch,71.0,Retired,107.0,5677.05,5.00756391557177,1,C1 - Saver 
TX001546,388.77,Credit,Jacksonville,Online,26.0,Student,30.0,1658.49,5.965556821566797,2,C2- Young & Active
TX001547,100.38,Debit,Seattle,Branch,63.0,Doctor,49.0,10171.68,4.6188758330442035,1,C1 - Saver 
TX001548,137.23,Debit,Fresno,Branch,64.0,Doctor,63.0,13847.99,4.928918964476265,1,C1 - Saver 
TX001549,870.3,Debit,San Jose,ATM,51.0,Retired,229.0,3688.98,6.769986349237241,0,C0 - High Spender  
TX001550,458.94,Debit,Detroit,Branch,52.0,Engineer,180.0,5619.95,6.131096046193176,1,C1 - Saver 
TX001551,327.35,Credit,Memphis,Branch,20.0,Student,175.0,342.08,5.794080112636982,2,C2- Young & Active
TX001552,757.15,Debit,Raleigh,Online,53.0,Engineer,38.0,4702.86,6.6308812552469485,0,C0 - High Spender  
TX001554,47.23,Credit,Memphis,Online,73.0,Retired,160.0,6659.81,3.8759812340808804,1,C1 - Saver 
TX001557,170.97,Debit,Nashville,Branch,26.0,Student,292.0,1265.27,5.147320042996109,2,C2- Young & Active
TX001558,262.43,Credit,San Diego,Online,37.0,Doctor,274.0,12841.01,5.573787678040014,1,C1 - Saver 
TX001559,659.15,Debit,Boston,ATM,22.0,Student,204.0,1241.59,6.49246708192521,2,C2- Young & Active
TX001560,31.53,Debit,Kansas City,Online,25.0,Student,283.0,874.93,3.48216274048526,2,C2- Young & Active
TX001562,250.01,Debit,Kansas City,ATM,62.0,Retired,88.0,1541.48,5.525492778975617,1,C1 - Saver 
TX001563,554.15,Debit,Raleigh,ATM,49.0,Doctor,108.0,14817.22,6.319238347500274,1,C1 - Saver 
TX001565,28.38,Debit,Sacramento,Branch,55.0,Doctor,98.0,173.7,3.380314170745731,2,C2- Young & Active
TX001566,16.8,Debit,San Diego,ATM,49.0,Doctor,94.0,11847.07,2.8791984572980396,1,C1 - Saver 
TX001567,896.79,Debit,Dallas,Online,33.0,Doctor,168.0,11146.74,6.79993618794764,0,C0 - High Spender  
TX001568,159.0,Debit,Las Vegas,ATM,49.0,Engineer,38.0,369.79,5.075173815233827,2,C2- Young & Active
TX001569,56.31,Credit,Houston,Online,75.0,Retired,195.0,6396.08,4.048475128563646,1,C1 - Saver 
TX001570,203.99,Debit,Philadelphia,Online,52.0,Retired,215.0,4840.31,5.322961197460796,1,C1 - Saver 
TX001571,50.99,Debit,Detroit,Branch,29.0,Doctor,76.0,1334.6,3.9510513923956245,2,C2- Young & Active
TX001572,101.28,Credit,Chicago,Online,32.0,Engineer,75.0,2774.35,4.627714150422986,2,C2- Young & Active
TX001573,299.92,Debit,Denver,ATM,27.0,Student,122.0,1368.0,5.706844448692021,2,C2- Young & Active
TX001575,18.35,Debit,Nashville,Branch,21.0,Student,78.0,1293.39,2.9626924194757907,2,C2- Young & Active
TX001576,732.53,Credit,San Jose,ATM,26.0,Student,116.0,441.54,6.597868496542164,0,C0 - High Spender  
TX001577,65.11,Debit,Nashville,ATM,34.0,Engineer,150.0,8485.14,4.191320021345486,1,C1 - Saver 
TX001578,67.07,Credit,Los Angeles,ATM,24.0,Student,56.0,999.62,4.22053658745986,2,C2- Young & Active
TX001579,137.48,Debit,Seattle,Branch,55.0,Doctor,47.0,14273.42,4.930725910867953,1,C1 - Saver 
TX001580,398.36,Debit,Columbus,ATM,22.0,Student,56.0,1863.7,5.9898632657410085,2,C2- Young & Active
TX001581,469.46,Debit,New York,ATM,20.0,Student,149.0,8640.56,6.153710939470885,2,C2- Young & Active
TX001582,37.58,Debit,Indianapolis,ATM,57.0,Doctor,182.0,259.44,3.652734007477583,2,C2- Young & Active
TX001583,160.24,Debit,Washington,ATM,31.0,Engineer,15.0,5526.97,5.082893938248965,2,C2- Young & Active
TX001584,315.39,Credit,New York,Branch,23.0,Student,93.0,929.6,5.756975629831453,2,C2- Young & Active
TX001585,434.17,Debit,Atlanta,ATM,21.0,Student,148.0,5335.44,6.075736759342158,2,C2- Young & Active
TX001586,165.91,Debit,Jacksonville,ATM,26.0,Student,84.0,587.12,5.117454744990326,2,C2- Young & Active
TX001587,211.36,Debit,San Francisco,Branch,47.0,Engineer,194.0,4760.34,5.3582829477154705,1,C1 - Saver 
TX001588,241.45,Debit,Portland,Online,26.0,Student,158.0,1594.04,5.490795503551361,2,C2- Young & Active
TX001589,23.24,Debit,Indianapolis,Branch,68.0,Doctor,129.0,13777.79,3.1880041612011136,1,C1 - Saver 
TX001590,70.88,Credit,Omaha,Branch,74.0,Retired,176.0,1794.65,4.274998061915358,1,C1 - Saver 
TX001591,1143.67,Debit,Atlanta,Online,66.0,Retired,111.0,7677.76,7.042871664840983,0,C0 - High Spender  
TX001592,314.52,Debit,Memphis,ATM,80.0,Retired,229.0,7071.32,5.7542220714142704,1,C1 - Saver 
TX001593,181.81,Credit,Austin,Online,78.0,Retired,122.0,7525.73,5.208447362118994,1,C1 - Saver 
TX001594,854.64,Debit,Fort Worth,Branch,56.0,Retired,118.0,2989.25,6.751849726933605,0,C0 - High Spender  
TX001595,261.19,Debit,Oklahoma City,ATM,64.0,Retired,52.0,7620.6,5.569069431776972,1,C1 - Saver 
TX001596,220.68,Credit,Raleigh,Online,71.0,Retired,217.0,5549.2,5.401234900554723,1,C1 - Saver 
TX001597,11.86,Debit,Sacramento,Branch,31.0,Engineer,129.0,6782.61,2.554121718809473,2,C2- Young & Active
TX001598,122.65,Debit,Columbus,Online,28.0,Student,41.0,1968.51,4.817454993967425,2,C2- Young & Active
TX001599,395.16,Debit,Milwaukee,Online,56.0,Retired,17.0,5340.73,5.981818170056177,1,C1 - Saver 
TX001600,704.69,Debit,Las Vegas,Online,51.0,Retired,150.0,3267.84,6.55917604757905,0,C0 - High Spender  
TX001601,369.89,Debit,San Antonio,ATM,69.0,Retired,69.0,6941.47,5.915905522686946,1,C1 - Saver 
TX001602,10.92,Debit,Jacksonville,ATM,67.0,Retired,268.0,7567.2,2.4782176616372036,1,C1 - Saver 
TX001603,199.14,Debit,Seattle,Branch,31.0,Engineer,36.0,7001.25,5.29901712166231,2,C2- Young & Active
TX001606,620.54,Credit,Omaha,Branch,28.0,Student,98.0,213.36,6.4322002692980655,2,C2- Young & Active
TX001607,757.79,Debit,Charlotte,Online,22.0,Student,117.0,1443.02,6.631725059270804,0,C0 - High Spender  
TX001608,122.81,Debit,San Jose,Branch,52.0,Doctor,12.0,8450.84,4.8187481324326,1,C1 - Saver 
TX001609,96.25,Debit,Houston,Online,61.0,Retired,171.0,7996.7,4.577284982498556,1,C1 - Saver 
TX001610,1431.33,Debit,Charlotte,ATM,30.0,Doctor,49.0,5567.98,7.267057767899151,0,C0 - High Spender  
TX001611,142.55,Debit,Kansas City,Online,67.0,Doctor,97.0,1262.68,4.966683406567073,1,C1 - Saver 
TX001612,35.94,Credit,Fresno,Branch,23.0,Student,141.0,1697.28,3.609294974771094,2,C2- Young & Active
TX001613,24.86,Debit,Jacksonville,Branch,58.0,Engineer,292.0,2591.65,3.2526973733437115,1,C1 - Saver 
TX001614,103.08,Debit,San Francisco,Online,60.0,Doctor,109.0,12002.16,4.64515983420425,1,C1 - Saver 
TX001615,116.27,Debit,Portland,Online,57.0,Engineer,94.0,8726.92,4.764478968472973,1,C1 - Saver 
TX001616,363.84,Debit,Columbus,Online,73.0,Retired,118.0,5415.64,5.899458901311958,1,C1 - Saver 
TX001618,64.01,Credit,Philadelphia,Branch,19.0,Student,240.0,1225.69,4.174541104216377,2,C2- Young & Active
TX001620,50.9,Credit,Jacksonville,Online,28.0,Student,150.0,1277.7,3.949318790171843,2,C2- Young & Active
TX001621,206.84,Debit,Philadelphia,Branch,20.0,Student,154.0,454.66,5.3367685529222895,2,C2- Young & Active
TX001622,37.4,Debit,Raleigh,ATM,20.0,Student,84.0,1519.51,3.648057459593681,2,C2- Young & Active
TX001623,154.21,Debit,Miami,Online,46.0,Engineer,75.0,8045.77,5.044779038663093,1,C1 - Saver 
TX001624,199.37,Debit,Chicago,Online,24.0,Student,79.0,1331.3,5.300165657405654,2,C2- Young & Active
TX001626,1360.01,Credit,Phoenix,Branch,67.0,Retired,218.0,6601.5,7.215982350163047,0,C0 - High Spender  
TX001627,18.23,Debit,Nashville,ATM,56.0,Engineer,28.0,8422.2,2.9564715596006885,1,C1 - Saver 
TX001628,398.7,Debit,Albuquerque,ATM,47.0,Doctor,276.0,7987.74,5.990714265717278,1,C1 - Saver 
TX001630,378.2,Debit,Mesa,Branch,40.0,Engineer,167.0,7372.81,5.938063770380866,1,C1 - Saver 
TX001631,124.74,Debit,Los Angeles,ATM,49.0,Engineer,33.0,2987.97,4.834216282954915,1,C1 - Saver 
TX001632,17.1,Debit,Albuquerque,ATM,53.0,Retired,101.0,1619.54,2.89591193827178,1,C1 - Saver 
TX001633,287.05,Debit,Milwaukee,ATM,22.0,Student,212.0,1204.65,5.663134076178392,2,C2- Young & Active
TX001634,874.72,Debit,San Francisco,Online,28.0,Engineer,173.0,4630.58,6.775046405139135,0,C0 - High Spender  
TX001635,1762.28,Debit,Memphis,ATM,24.0,Student,150.0,1380.34,7.474930989980131,0,C0 - High Spender  
TX001636,40.12,Credit,Dallas,ATM,36.0,Doctor,269.0,14304.38,3.7164946211469094,1,C1 - Saver 
TX001637,125.0,Credit,Indianapolis,Online,49.0,Engineer,177.0,3215.76,4.836281906951478,1,C1 - Saver 
TX001638,348.44,Debit,Baltimore,Online,24.0,Student,147.0,1022.94,5.856331873116486,2,C2- Young & Active
TX001639,128.4,Debit,Tucson,ATM,69.0,Retired,31.0,2610.64,4.8629083820668,1,C1 - Saver 
TX001640,320.93,Debit,Atlanta,Online,55.0,Engineer,178.0,9451.66,5.774334130607146,1,C1 - Saver 
TX001641,1.41,Debit,Sacramento,ATM,53.0,Retired,278.0,1244.17,0.8796267475025636,2,C2- Young & Active
TX001642,50.52,Debit,Los Angeles,Branch,54.0,Doctor,293.0,12815.24,3.9419700817960983,1,C1 - Saver 
TX001643,383.95,Credit,San Diego,Online,31.0,Engineer,143.0,9933.56,5.953113455724059,1,C1 - Saver 
TX001644,12.94,Debit,Fresno,Branch,23.0,Student,158.0,921.23,2.6347624053323777,2,C2- Young & Active
TX001645,329.75,Debit,Sacramento,Online,56.0,Retired,211.0,6009.43,5.801362802995065,1,C1 - Saver 
TX001646,981.76,Debit,Milwaukee,Online,45.0,Doctor,234.0,602.36,6.890364939778055,0,C0 - High Spender  
TX001647,40.79,Debit,Milwaukee,ATM,18.0,Student,80.0,1769.33,3.732657076459824,2,C2- Young & Active
TX001648,99.25,Credit,Phoenix,Online,63.0,Retired,93.0,2570.34,4.6076670661866785,1,C1 - Saver 
TX001649,150.6,Debit,Miami,ATM,69.0,Retired,59.0,3240.14,5.021245473208271,1,C1 - Saver 
TX001650,29.5,Debit,San Antonio,Online,73.0,Retired,129.0,1229.32,3.417726683613366,1,C1 - Saver 
TX001651,54.34,Debit,Albuquerque,ATM,65.0,Doctor,46.0,8019.89,4.01349597435878,1,C1 - Saver 
TX001652,18.25,Debit,Kansas City,ATM,53.0,Doctor,18.0,14328.29,2.9575110607337933,1,C1 - Saver 
TX001653,633.87,Debit,Kansas City,Online,27.0,Student,175.0,330.16,6.453420253524341,2,C2- Young & Active
TX001654,81.15,Debit,Miami,ATM,19.0,Student,114.0,1595.26,4.408546844483277,2,C2- Young & Active
TX001655,83.95,Debit,New York,Online,75.0,Retired,170.0,7413.18,4.442062848117941,1,C1 - Saver 
TX001656,410.4,Credit,Virginia Beach,ATM,61.0,Retired,78.0,2563.91,6.019565977218857,1,C1 - Saver 
TX001657,172.68,Debit,Baltimore,ATM,33.0,Doctor,17.0,10724.95,5.157214525570036,1,C1 - Saver 
TX001658,139.88,Debit,Colorado Springs,ATM,34.0,Engineer,162.0,2969.71,4.94790846418795,2,C2- Young & Active
TX001659,165.55,Debit,Dallas,Branch,28.0,Student,115.0,761.78,5.1152955646396885,2,C2- Young & Active
TX001660,53.79,Credit,Philadelphia,ATM,54.0,Engineer,137.0,6229.36,4.003507695550324,1,C1 - Saver 
TX001661,285.69,Debit,Miami,ATM,63.0,Retired,35.0,2552.54,5.65840149261586,1,C1 - Saver 
TX001662,532.4,Debit,Jacksonville,ATM,22.0,Student,149.0,1033.73,6.279271611747914,2,C2- Young & Active
TX001663,293.85,Debit,Charlotte,Online,25.0,Student,144.0,1919.97,5.686466752446513,2,C2- Young & Active
TX001664,27.94,Debit,Atlanta,Branch,79.0,Retired,120.0,1893.44,3.365224721203338,1,C1 - Saver 
TX001665,270.36,Debit,Oklahoma City,ATM,25.0,Student,37.0,1783.04,5.603446352603538,2,C2- Young & Active
TX001666,112.66,Debit,Philadelphia,Online,29.0,Engineer,176.0,852.98,4.733211535868976,2,C2- Young & Active
TX001667,506.03,Debit,Detroit,Branch,21.0,Student,21.0,1123.89,6.228570173438246,2,C2- Young & Active
TX001668,206.95,Debit,Seattle,Branch,22.0,Student,31.0,1817.65,5.33729766618892,2,C2- Young & Active
TX001669,350.96,Debit,Tucson,ATM,63.0,Retired,167.0,5463.94,5.86351753277736,1,C1 - Saver 
TX001670,261.63,Debit,Chicago,Branch,20.0,Student,150.0,477.03,5.570746197537003,2,C2- Young & Active
TX001671,46.12,Debit,Fresno,Branch,59.0,Doctor,30.0,8874.01,3.8526975393433314,1,C1 - Saver 
TX001672,27.25,Credit,Kansas City,Branch,63.0,Retired,92.0,5365.2,3.34109345759245,1,C1 - Saver 
TX001673,1353.93,Debit,El Paso,Branch,26.0,Engineer,171.0,7858.41,7.211505071462746,0,C0 - High Spender  
TX001674,331.66,Debit,Las Vegas,ATM,76.0,Retired,145.0,7216.3,5.807120947362389,1,C1 - Saver 
TX001675,667.95,Credit,Oklahoma City,ATM,62.0,Doctor,253.0,13558.56,6.505709318919628,1,C1 - Saver 
TX001676,49.84,Debit,Chicago,ATM,49.0,Doctor,146.0,7872.04,3.928683446321253,1,C1 - Saver 
TX001677,556.04,Debit,Denver,ATM,72.0,Retired,27.0,5200.04,6.322637050634291,1,C1 - Saver 
TX001678,88.06,Credit,Raleigh,Online,18.0,Student,288.0,1779.85,4.489310299893557,2,C2- Young & Active
TX001679,745.95,Debit,Memphis,ATM,58.0,Doctor,127.0,13264.14,6.615998248488326,0,C0 - High Spender  
TX001680,67.25,Debit,Miami,Online,19.0,Student,157.0,467.4,4.223177434065069,2,C2- Young & Active
TX001681,93.63,Debit,New York,ATM,29.0,Engineer,141.0,9873.62,4.549974550520141,1,C1 - Saver 
TX001683,41.13,Credit,Philadelphia,Branch,77.0,Retired,58.0,6067.54,3.7407600759909254,1,C1 - Saver 
TX001684,192.02,Credit,Indianapolis,Online,79.0,Retired,154.0,5169.07,5.26279381047899,1,C1 - Saver 
TX001685,291.27,Debit,Detroit,Branch,77.0,Retired,121.0,6878.86,5.677678032570093,1,C1 - Saver 
TX001687,341.84,Credit,El Paso,Branch,27.0,Student,89.0,1400.04,5.837263866030682,2,C2- Young & Active
TX001688,98.41,Debit,Sacramento,Online,27.0,Student,48.0,912.71,4.599252712224054,2,C2- Young & Active
TX001689,109.28,Debit,San Diego,Online,36.0,Engineer,112.0,6338.35,4.703022586155596,1,C1 - Saver 
TX001690,27.51,Credit,Columbus,Online,40.0,Doctor,103.0,13645.63,3.3502549029245805,1,C1 - Saver 
TX001691,12.18,Debit,New York,Branch,76.0,Retired,77.0,4909.24,2.578700529074361,1,C1 - Saver 
TX001693,25.77,Credit,San Diego,Online,45.0,Doctor,277.0,11749.77,3.2872818575322613,1,C1 - Saver 
TX001694,127.57,Debit,Nashville,ATM,52.0,Retired,75.0,6118.2,4.856473503096157,1,C1 - Saver 
TX001695,392.05,Debit,Denver,ATM,60.0,Engineer,172.0,4383.69,5.973936830239765,1,C1 - Saver 
TX001696,521.01,Credit,Seattle,Branch,41.0,Engineer,73.0,4004.55,6.257686744787267,0,C0 - High Spender  
TX001697,849.76,Debit,Seattle,ATM,25.0,Student,269.0,373.88,6.7461300676463445,0,C0 - High Spender  
TX001698,172.5,Debit,Columbus,Online,68.0,Doctor,31.0,6851.16,5.156177599386914,1,C1 - Saver 
TX001699,265.44,Debit,San Antonio,ATM,30.0,Engineer,169.0,9700.77,5.585149077544979,1,C1 - Saver 
TX001700,152.34,Debit,Omaha,Branch,55.0,Doctor,115.0,6853.51,5.032657678130748,1,C1 - Saver 
TX001701,21.13,Debit,Dallas,Branch,28.0,Student,153.0,948.7,3.096934154062958,2,C2- Young & Active
TX001702,111.55,Debit,Denver,ATM,46.0,Doctor,101.0,12221.17,4.723397567352741,1,C1 - Saver 
TX001703,321.82,Credit,Raleigh,Branch,32.0,Engineer,43.0,6500.5,5.777094892345134,2,C2- Young & Active
TX001704,1294.81,Credit,Washington,Branch,45.0,Engineer,279.0,9927.75,7.166891261226394,0,C0 - High Spender  
TX001705,148.77,Debit,San Jose,Branch,67.0,Retired,175.0,2138.42,5.009100784004304,1,C1 - Saver 
TX001708,566.33,Credit,Charlotte,ATM,24.0,Student,66.0,379.82,6.3409411450072914,2,C2- Young & Active
TX001710,180.94,Debit,Raleigh,Branch,75.0,Retired,57.0,7659.99,5.203676962393915,1,C1 - Saver 
TX001711,77.9,Debit,Washington,Branch,21.0,Student,128.0,664.72,4.368181227851829,2,C2- Young & Active
TX001712,318.92,Credit,Washington,Branch,21.0,Student,60.0,1167.25,5.768070964538563,2,C2- Young & Active
TX001713,583.3,Credit,Nashville,Online,59.0,Engineer,142.0,5896.01,6.370414549560391,0,C0 - High Spender  
TX001714,100.68,Debit,Memphis,Online,63.0,Retired,139.0,1123.75,4.621830626881199,1,C1 - Saver 
TX001715,589.64,Debit,Charlotte,Online,62.0,Retired,210.0,2039.4,6.38120669475091,0,C0 - High Spender  
TX001716,225.93,Credit,Omaha,Branch,25.0,Student,199.0,1864.27,5.424641599881531,2,C2- Young & Active
TX001717,651.55,Debit,Phoenix,Online,72.0,Retired,82.0,2325.78,6.480887764613537,0,C0 - High Spender  
TX001718,80.97,Debit,Seattle,Online,38.0,Doctor,157.0,5926.31,4.406353326664939,1,C1 - Saver 
TX001719,191.89,Debit,San Antonio,Branch,25.0,Student,14.0,399.57,5.262120078236149,2,C2- Young & Active
TX001720,304.75,Credit,Austin,Branch,78.0,Retired,125.0,1916.34,5.722767774567282,1,C1 - Saver 
TX001721,201.53,Debit,Tucson,Online,68.0,Retired,287.0,2732.86,5.310888023721889,1,C1 - Saver 
TX001722,8.45,Debit,Philadelphia,ATM,22.0,Student,141.0,1115.3,2.2460147415056513,2,C2- Young & Active
TX001723,435.98,Debit,Mesa,Branch,30.0,Engineer,105.0,7334.08,6.079887427457879,2,C2- Young & Active
TX001724,743.24,Credit,Indianapolis,Online,19.0,Student,109.0,1024.19,6.6123635634603035,2,C2- Young & Active
TX001725,16.27,Debit,Atlanta,ATM,57.0,Doctor,44.0,10971.32,2.848970892158587,1,C1 - Saver 
TX001726,290.86,Debit,Louisville,Online,45.0,Doctor,36.0,14631.88,5.6762742352396,1,C1 - Saver 
TX001727,85.73,Debit,Virginia Beach,ATM,41.0,Doctor,266.0,14928.35,4.462799844696365,1,C1 - Saver 
TX001728,555.71,Credit,Boston,Branch,22.0,Student,73.0,830.37,6.322044458024357,2,C2- Young & Active
TX001729,40.03,Debit,Omaha,Branch,23.0,Student,200.0,6408.8,3.714303506454095,2,C2- Young & Active
TX001730,73.01,Credit,Milwaukee,Online,25.0,Student,62.0,1997.33,4.304200219209375,2,C2- Young & Active
TX001731,346.12,Debit,San Francisco,Branch,44.0,Doctor,12.0,13084.27,5.849670541490095,1,C1 - Saver 
TX001732,1.93,Debit,Chicago,Branch,47.0,Doctor,175.0,5684.09,1.0750024230289759,1,C1 - Saver 
TX001733,252.93,Debit,Portland,ATM,75.0,Retired,222.0,2760.37,5.537058638485301,1,C1 - Saver 
TX001734,238.54,Debit,Indianapolis,ATM,19.0,Student,12.0,868.91,5.4787204175193605,2,C2- Young & Active
TX001735,1011.22,Debit,Tucson,Branch,61.0,Retired,129.0,5838.91,6.919901217525693,0,C0 - High Spender  
TX001737,7.56,Debit,Milwaukee,ATM,40.0,Doctor,145.0,8528.72,2.1471001901536506,1,C1 - Saver 
TX001738,540.4,Debit,Houston,Branch,45.0,Doctor,272.0,425.77,6.294158377180201,2,C2- Young & Active
TX001739,264.14,Debit,Baltimore,ATM,64.0,Doctor,125.0,8459.26,5.580257988370704,1,C1 - Saver 
TX001740,248.15,Debit,Milwaukee,ATM,75.0,Retired,202.0,2649.23,5.518055124727414,1,C1 - Saver 
TX001741,24.34,Debit,Raleigh,Branch,54.0,Engineer,110.0,6659.12,3.232384174892993,1,C1 - Saver 
TX001742,428.61,Debit,Fort Worth,ATM,66.0,Doctor,62.0,11937.04,6.062877820391151,1,C1 - Saver 
TX001743,117.66,Credit,Memphis,Branch,39.0,Doctor,126.0,6794.17,4.776262260830497,1,C1 - Saver 
TX001744,165.8,Debit,Nashville,Online,60.0,Engineer,287.0,2064.76,5.116795489924646,1,C1 - Saver 
TX001745,289.18,Debit,Baltimore,ATM,65.0,Retired,64.0,3139.75,5.670501420087539,1,C1 - Saver 
TX001746,125.39,Debit,Los Angeles,ATM,21.0,Student,140.0,202.69,4.8393723646590345,2,C2- Young & Active
TX001747,305.18,Debit,Chicago,Online,58.0,Retired,216.0,4474.2,5.724173164303935,1,C1 - Saver 
TX001748,506.9,Credit,Houston,Branch,64.0,Doctor,56.0,11471.87,6.2302845778072,1,C1 - Saver 
TX001749,504.12,Credit,Baltimore,Branch,25.0,Student,101.0,1107.28,6.224796024809682,2,C2- Young & Active
TX001750,42.09,Debit,Denver,Branch,29.0,Engineer,118.0,5526.28,3.763290951627747,2,C2- Young & Active
TX001751,607.28,Debit,Baltimore,ATM,32.0,Doctor,84.0,9679.68,6.410635302272258,0,C0 - High Spender  
TX001752,91.9,Debit,Chicago,Online,77.0,Retired,125.0,1033.94,4.531523645819793,1,C1 - Saver 
TX001753,303.43,Debit,Virginia Beach,Branch,22.0,Student,30.0,1833.24,5.718441175664861,2,C2- Young & Active
TX001754,668.78,Debit,Mesa,ATM,20.0,Student,141.0,983.68,6.506949300254695,2,C2- Young & Active
TX001755,270.54,Credit,Sacramento,ATM,20.0,Student,139.0,269.78,5.604109458172135,2,C2- Young & Active
TX001756,247.93,Debit,Indianapolis,Branch,37.0,Engineer,79.0,9801.48,5.517171732443817,1,C1 - Saver 
TX001757,34.67,Debit,Chicago,Online,19.0,Student,71.0,888.6,3.5743099993708003,2,C2- Young & Active
TX001758,326.03,Credit,New York,Online,18.0,Student,137.0,290.24,5.790051909808377,2,C2- Young & Active
TX001759,148.26,Debit,Omaha,ATM,25.0,Student,57.0,958.7,5.005689751703241,2,C2- Young & Active
TX001760,1086.6,Debit,San Diego,Online,19.0,Student,38.0,1605.67,6.991728712758316,0,C0 - High Spender  
TX001761,373.99,Debit,Sacramento,ATM,60.0,Doctor,140.0,8590.5,5.926899358948182,1,C1 - Saver 
TX001763,819.48,Debit,Virginia Beach,ATM,25.0,Student,26.0,1804.5,6.709889534852196,0,C0 - High Spender  
TX001764,14.0,Debit,San Antonio,ATM,49.0,Engineer,173.0,7975.18,2.70805020110221,1,C1 - Saver 
TX001765,57.16,Debit,Columbus,ATM,40.0,Engineer,74.0,222.22,4.063197833225264,2,C2- Young & Active
TX001766,282.26,Debit,Memphis,Online,37.0,Engineer,278.0,6857.2,5.64636520378625,1,C1 - Saver 
TX001768,473.2,Debit,Houston,Online,34.0,Doctor,173.0,248.52,6.161629173631305,2,C2- Young & Active
TX001769,192.97,Debit,Sacramento,ATM,59.0,Retired,140.0,3019.04,5.2677035079302,1,C1 - Saver 
TX001770,168.99,Debit,Baltimore,ATM,18.0,Student,203.0,1523.57,5.135739611790679,2,C2- Young & Active
TX001771,1.82,Debit,San Francisco,Online,80.0,Retired,60.0,5571.39,1.0367368849500223,1,C1 - Saver 
TX001772,40.9,Debit,Charlotte,ATM,55.0,Doctor,37.0,1514.34,3.735285826928092,1,C1 - Saver 
TX001773,78.91,Debit,Sacramento,Online,61.0,Doctor,157.0,1817.43,4.380901001386372,1,C1 - Saver 
TX001774,169.97,Credit,San Diego,ATM,22.0,Student,12.0,6269.12,5.141488102515018,2,C2- Young & Active
TX001775,17.79,Debit,Jacksonville,Branch,61.0,Retired,162.0,2281.9,2.933324813425374,1,C1 - Saver 
TX001776,486.61,Credit,Sacramento,ATM,48.0,Engineer,130.0,2006.69,6.189515906010436,2,C2- Young & Active
TX001777,148.13,Debit,Phoenix,Branch,58.0,Retired,56.0,2189.38,5.004818408774691,1,C1 - Saver 
TX001778,164.52,Debit,Dallas,ATM,61.0,Doctor,162.0,11036.74,5.109092033437288,1,C1 - Saver 
TX001779,720.89,Debit,Indianapolis,ATM,27.0,Student,120.0,447.06,6.5818727727150526,0,C0 - High Spender  
TX001780,268.7,Debit,Milwaukee,ATM,53.0,Retired,63.0,2104.74,5.597310230145684,1,C1 - Saver 
TX001781,637.34,Debit,Indianapolis,ATM,51.0,Retired,278.0,5183.5,6.45887105675633,0,C0 - High Spender  
TX001782,216.76,Credit,Omaha,Online,47.0,Engineer,138.0,643.64,5.383393538903156,2,C2- Young & Active
TX001783,418.02,Debit,Los Angeles,ATM,46.0,Doctor,110.0,11011.86,6.037918651479866,1,C1 - Saver 
TX001784,292.03,Credit,Memphis,ATM,46.0,Engineer,154.0,951.33,5.680274992854161,2,C2- Young & Active
TX001785,251.4,Debit,Tucson,ATM,57.0,Retired,178.0,2561.67,5.5310151306670585,1,C1 - Saver 
TX001786,184.56,Debit,Virginia Beach,Online,21.0,Student,93.0,1549.27,5.223378279883543,2,C2- Young & Active
TX001787,33.76,Debit,Seattle,Online,26.0,Engineer,227.0,3253.51,3.548467300397191,2,C2- Young & Active
TX001789,1612.37,Debit,Los Angeles,ATM,65.0,Retired,173.0,3910.59,7.386080438057034,0,C0 - High Spender  
TX001790,138.68,Credit,Colorado Springs,Branch,22.0,Student,44.0,206.2,4.939354092091292,2,C2- Young & Active
TX001791,42.56,Debit,Fresno,Online,18.0,Student,146.0,4361.44,3.77413929806476,2,C2- Young & Active
TX001793,53.83,Debit,Baltimore,Branch,70.0,Retired,131.0,4580.59,4.004237489415957,1,C1 - Saver 
TX001794,11.09,Debit,Charlotte,Branch,51.0,Engineer,95.0,2990.05,2.492378664626701,1,C1 - Saver 
TX001796,449.18,Debit,Denver,Online,67.0,Retired,50.0,1025.99,6.109647502785692,1,C1 - Saver 
TX001797,1135.8,Debit,San Diego,ATM,30.0,Doctor,250.0,13534.3,7.035972576782891,0,C0 - High Spender  
TX001798,297.6,Debit,Milwaukee,Online,39.0,Doctor,162.0,1461.17,5.69910488510509,2,C2- Young & Active
TX001799,683.75,Debit,Las Vegas,Branch,32.0,Doctor,106.0,6333.72,6.529053808143187,0,C0 - High Spender  
TX001801,315.94,Debit,Omaha,ATM,78.0,Retired,93.0,4273.99,5.758712481514662,1,C1 - Saver 
TX001802,331.32,Debit,Sacramento,Branch,61.0,Doctor,137.0,13054.54,5.806098360127802,1,C1 - Saver 
TX001803,223.76,Credit,Boston,Branch,74.0,Retired,110.0,4102.23,5.415033166243997,1,C1 - Saver 
TX001804,216.03,Debit,Boston,ATM,42.0,Doctor,300.0,10462.77,5.380035592832894,1,C1 - Saver 
TX001805,17.42,Debit,Dallas,ATM,74.0,Retired,150.0,6851.31,2.913437030827161,1,C1 - Saver 
TX001806,491.91,Debit,Milwaukee,Online,78.0,Retired,155.0,2421.94,6.200326601596422,1,C1 - Saver 
TX001807,350.11,Credit,Raleigh,Online,74.0,Retired,178.0,4639.04,5.861099564682769,1,C1 - Saver 
TX001808,218.07,Debit,Austin,Branch,23.0,Student,243.0,443.62,5.389391313447408,2,C2- Young & Active
TX001810,422.14,Credit,Albuquerque,Branch,26.0,Student,109.0,1436.32,6.047703093555171,2,C2- Young & Active
TX001811,613.21,Debit,Tucson,ATM,61.0,Retired,157.0,3279.12,6.420336889215765,0,C0 - High Spender  
TX001812,73.83,Debit,Las Vegas,Online,69.0,Doctor,69.0,6020.29,4.315218874092267,1,C1 - Saver 
TX001813,67.33,Debit,Detroit,Online,59.0,Engineer,36.0,5925.98,4.224348908792687,1,C1 - Saver 
TX001814,26.92,Debit,Indianapolis,ATM,62.0,Retired,43.0,1674.94,3.329343277894172,1,C1 - Saver 
TX001815,18.3,Debit,Mesa,Online,48.0,Engineer,155.0,3733.52,2.9601050959108397,1,C1 - Saver 
TX001816,317.94,Debit,Los Angeles,ATM,54.0,Engineer,124.0,2996.51,5.765002997319826,1,C1 - Saver 
TX001817,179.38,Debit,Mesa,Online,40.0,Doctor,173.0,11666.18,5.195065736737562,1,C1 - Saver 
TX001819,13.92,Debit,Los Angeles,ATM,37.0,Engineer,209.0,2735.84,2.702702594775615,2,C2- Young & Active
TX001820,365.43,Debit,Portland,ATM,25.0,Student,176.0,1073.51,5.903807507177435,2,C2- Young & Active
TX001821,263.59,Debit,Dallas,Branch,71.0,Retired,16.0,6996.35,5.57818145807175,1,C1 - Saver 
TX001822,54.8,Debit,Albuquerque,Branch,34.0,Engineer,140.0,4943.49,4.021773869387265,2,C2- Young & Active
TX001824,31.39,Debit,Tucson,ATM,20.0,Student,15.0,998.49,3.477849733183238,2,C2- Young & Active
TX001826,5.71,Debit,Tucson,Branch,21.0,Student,106.0,1285.42,1.9035989509835904,2,C2- Young & Active
TX001827,178.39,Debit,Tucson,Online,34.0,Engineer,98.0,8469.43,5.189562206710999,1,C1 - Saver 
TX001829,36.09,Debit,Columbus,Branch,53.0,Doctor,167.0,12319.26,3.6133473915014998,1,C1 - Saver 
TX001830,91.77,Debit,Omaha,Branch,51.0,Doctor,174.0,9240.73,4.5301233116651805,1,C1 - Saver 
TX001832,137.81,Debit,Detroit,Branch,58.0,Engineer,44.0,2631.47,4.9331060915870175,1,C1 - Saver 
TX001833,136.88,Credit,Memphis,Branch,24.0,Student,71.0,7465.95,4.926383741648665,2,C2- Young & Active
TX001834,133.07,Debit,Sacramento,Branch,21.0,Student,155.0,1670.99,4.89836205161347,2,C2- Young & Active
TX001836,256.34,Debit,Kansas City,Branch,69.0,Retired,99.0,7471.63,5.550398167756844,1,C1 - Saver 
TX001837,56.11,Debit,Boston,Branch,36.0,Doctor,109.0,11123.65,4.044979232676772,1,C1 - Saver 
TX001838,118.1,Debit,Fort Worth,ATM,50.0,Engineer,50.0,7976.6,4.779963476361254,1,C1 - Saver 
TX001839,137.86,Credit,Sacramento,Online,66.0,Doctor,120.0,8046.94,4.933466231325127,1,C1 - Saver 
TX001840,813.78,Credit,Atlanta,ATM,54.0,Doctor,55.0,14935.5,6.702918138150561,0,C0 - High Spender  
TX001841,237.97,Debit,Columbus,ATM,69.0,Doctor,69.0,13486.15,5.476338021040286,1,C1 - Saver 
TX001842,684.96,Debit,Mesa,ATM,21.0,Student,31.0,526.67,6.530819316987946,2,C2- Young & Active
TX001843,878.63,Debit,Columbus,ATM,60.0,Engineer,139.0,4954.37,6.779501364511001,0,C0 - High Spender  
TX001844,276.56,Debit,Austin,Branch,68.0,Doctor,15.0,8942.58,5.626037126031348,1,C1 - Saver 
TX001845,8.75,Debit,Louisville,ATM,79.0,Retired,199.0,4044.62,2.277267285009756,1,C1 - Saver 
TX001846,637.48,Debit,Colorado Springs,Online,65.0,Retired,207.0,4148.85,6.459090351567753,0,C0 - High Spender  
TX001847,103.15,Debit,San Diego,Branch,51.0,Doctor,179.0,11388.15,4.645832167706981,1,C1 - Saver 
TX001848,505.6,Debit,Denver,Branch,52.0,Retired,183.0,5347.57,6.227721737567575,1,C1 - Saver 
TX001849,371.86,Debit,Miami,ATM,46.0,Doctor,91.0,1329.45,5.9212030140673155,2,C2- Young & Active
TX001850,14.26,Debit,Virginia Beach,Branch,50.0,Engineer,37.0,2475.65,2.725235025856311,1,C1 - Saver 
TX001851,13.16,Debit,Mesa,Branch,43.0,Engineer,98.0,1019.46,2.6504210882655737,2,C2- Young & Active
TX001852,167.92,Debit,Memphis,ATM,40.0,Doctor,136.0,14321.73,5.129425230065743,1,C1 - Saver 
TX001853,73.01,Debit,Houston,ATM,56.0,Retired,101.0,2833.12,4.304200219209375,1,C1 - Saver 
TX001854,201.5,Credit,Dallas,Online,61.0,Doctor,196.0,12148.32,5.310739886546594,1,C1 - Saver 
TX001855,150.3,Debit,Las Vegas,Online,41.0,Doctor,204.0,14371.08,5.01926462079431,1,C1 - Saver 
TX001856,23.7,Debit,San Francisco,ATM,46.0,Doctor,32.0,7947.44,3.2068032436339315,1,C1 - Saver 
TX001857,49.59,Debit,Boston,Branch,48.0,Engineer,147.0,6037.03,3.923753928303845,1,C1 - Saver 
TX001858,720.13,Credit,Omaha,ATM,22.0,Student,96.0,387.02,6.580819426163694,2,C2- Young & Active
TX001859,134.92,Debit,Los Angeles,Online,19.0,Student,101.0,1081.97,4.912066477363677,2,C2- Young & Active
TX001860,116.97,Debit,Oklahoma City,ATM,18.0,Student,299.0,729.7,4.770430354853751,2,C2- Young & Active
TX001861,11.06,Debit,Colorado Springs,ATM,34.0,Engineer,13.0,2782.21,2.4898941912990393,2,C2- Young & Active
TX001862,88.29,Credit,Houston,Online,50.0,Engineer,287.0,5245.93,4.491889499529125,1,C1 - Saver 
TX001863,5.81,Debit,Houston,ATM,25.0,Student,222.0,1290.95,1.918392120161421,2,C2- Young & Active
TX001864,103.48,Debit,Baltimore,ATM,32.0,Engineer,33.0,6494.25,4.648995665528121,2,C2- Young & Active
TX001865,156.74,Debit,Oklahoma City,ATM,70.0,Retired,136.0,4004.35,5.060948107969845,1,C1 - Saver 
TX001866,505.14,Debit,Portland,ATM,68.0,Retired,179.0,2525.47,6.226813310860554,1,C1 - Saver 
TX001867,31.06,Debit,Kansas City,ATM,46.0,Doctor,61.0,11014.25,3.467609147181407,1,C1 - Saver 
TX001868,7.61,Debit,Atlanta,ATM,50.0,Doctor,163.0,6275.0,2.1529243184396396,1,C1 - Saver 
TX001869,276.16,Credit,Portland,ATM,53.0,Retired,71.0,1733.34,5.62459495675918,2,C2- Young & Active
TX001870,145.77,Debit,Memphis,ATM,68.0,Retired,237.0,5294.98,4.988866735623107,1,C1 - Saver 
TX001871,369.44,Debit,Detroit,Online,34.0,Engineer,19.0,5018.67,5.9146914883020685,2,C2- Young & Active
TX001872,558.86,Debit,Austin,ATM,60.0,Doctor,95.0,9844.32,6.327686752473985,1,C1 - Saver 
TX001873,429.15,Debit,Las Vegas,Branch,26.0,Student,218.0,712.13,6.0641339850673575,2,C2- Young & Active
TX001874,36.74,Debit,Tucson,Branch,33.0,Doctor,133.0,6217.58,3.630720539940404,2,C2- Young & Active
TX001875,79.14,Credit,Portland,Online,57.0,Retired,22.0,2229.56,4.383775105207999,1,C1 - Saver 
TX001876,132.48,Debit,Charlotte,Branch,36.0,Engineer,101.0,9313.05,4.893951653883173,1,C1 - Saver 
TX001877,136.48,Debit,Charlotte,Online,52.0,Engineer,138.0,4618.53,4.923478451981633,1,C1 - Saver 
TX001878,203.76,Debit,Colorado Springs,Branch,55.0,Retired,37.0,6747.16,5.321838561589383,1,C1 - Saver 
TX001879,750.95,Debit,Chicago,Branch,78.0,Retired,27.0,5134.37,6.622669832377622,0,C0 - High Spender  
TX001880,0.84,Debit,Austin,ATM,52.0,Engineer,31.0,2207.54,0.6097655716208943,1,C1 - Saver 
TX001881,257.18,Debit,Los Angeles,Online,67.0,Doctor,28.0,13336.15,5.553657016078564,1,C1 - Saver 
TX001882,767.66,Debit,San Jose,ATM,63.0,Doctor,155.0,1801.69,6.6446487390963975,0,C0 - High Spender  
TX001883,182.29,Debit,San Diego,Online,54.0,Doctor,123.0,522.39,5.211069597983757,2,C2- Young & Active
TX001884,184.51,Credit,Portland,Online,54.0,Doctor,118.0,9381.64,5.223108788950282,1,C1 - Saver 
TX001885,451.31,Debit,Fort Worth,ATM,62.0,Retired,166.0,2963.29,6.114367785458937,1,C1 - Saver 
TX001886,144.1,Debit,Chicago,Branch,57.0,Doctor,30.0,11523.64,4.977423159890142,1,C1 - Saver 
TX001887,72.5,Debit,Fort Worth,ATM,40.0,Doctor,30.0,12723.62,4.297285406218791,1,C1 - Saver 
TX001888,74.11,Credit,Virginia Beach,Online,69.0,Retired,71.0,3920.11,4.31895370569792,1,C1 - Saver 
TX001889,22.15,Debit,Denver,Branch,44.0,Doctor,73.0,7451.83,3.141994780532243,1,C1 - Saver 
TX001890,777.92,Debit,Austin,Branch,62.0,Doctor,97.0,7061.58,6.657908344833378,0,C0 - High Spender  
TX001891,790.07,Debit,Miami,Online,28.0,Student,197.0,985.77,6.673386459427372,0,C0 - High Spender  
TX001892,406.33,Credit,Miami,Branch,59.0,Engineer,103.0,4298.34,6.009623667723892,1,C1 - Saver 
TX001893,767.41,Debit,Fort Worth,ATM,56.0,Doctor,27.0,12799.34,6.644323444864899,0,C0 - High Spender  
TX001894,4.58,Credit,Atlanta,Online,21.0,Student,135.0,811.24,1.7191887763932197,2,C2- Young & Active
TX001896,49.67,Debit,Atlanta,Online,21.0,Student,146.0,842.94,3.9253340194878183,2,C2- Young & Active
TX001897,77.83,Credit,Kansas City,Branch,49.0,Engineer,146.0,2471.53,4.367293635071817,2,C2- Young & Active
TX001898,702.87,Debit,Washington,ATM,19.0,Student,184.0,1237.5,6.556593680015544,2,C2- Young & Active
TX001900,868.05,Credit,San Diego,Online,49.0,Engineer,119.0,3931.03,6.767400661009489,0,C0 - High Spender  
TX001901,52.87,Debit,Indianapolis,Branch,24.0,Student,70.0,960.96,3.9865737366924425,2,C2- Young & Active
TX001902,179.0,Debit,Houston,ATM,78.0,Retired,121.0,7310.88,5.19295685089021,1,C1 - Saver 
TX001903,1168.26,Credit,Philadelphia,Online,73.0,Retired,37.0,1385.74,7.064126349060336,0,C0 - High Spender  
TX001904,384.11,Debit,Fort Worth,ATM,58.0,Retired,12.0,7902.52,5.953529007764945,1,C1 - Saver 
TX001905,227.61,Debit,Houston,Online,71.0,Retired,61.0,4405.28,5.43201749493588,1,C1 - Saver 
TX001906,40.83,Debit,Indianapolis,ATM,48.0,Engineer,24.0,3944.12,3.733613785454107,1,C1 - Saver 
TX001907,19.76,Debit,Nashville,ATM,20.0,Student,240.0,1523.04,3.033028058297688,2,C2- Young & Active
TX001908,484.24,Debit,Raleigh,Branch,67.0,Doctor,77.0,8042.3,6.184643613902718,1,C1 - Saver 
TX001910,301.47,Debit,Colorado Springs,Branch,21.0,Student,291.0,560.73,5.711982098999155,2,C2- Young & Active
TX001911,199.09,Debit,Detroit,Online,70.0,Doctor,89.0,1658.52,5.298767265328402,1,C1 - Saver 
TX001912,38.95,Debit,Los Angeles,Online,27.0,Engineer,50.0,731.52,3.6876286722122837,2,C2- Young & Active
TX001913,515.94,Debit,San Francisco,ATM,29.0,Engineer,37.0,1389.89,6.247926813615017,2,C2- Young & Active
TX001914,41.93,Debit,Fresno,ATM,48.0,Engineer,136.0,5081.26,3.7595708822364693,1,C1 - Saver 
TX001916,95.35,Debit,Chicago,Online,21.0,Student,131.0,1639.9,4.567987394860375,2,C2- Young & Active
TX001917,93.14,Debit,Memphis,Online,67.0,Retired,151.0,5473.82,4.544783035972996,1,C1 - Saver 
TX001918,1427.71,Debit,New York,Branch,64.0,Doctor,159.0,1729.26,7.264527218216673,0,C0 - High Spender  
TX001919,79.33,Credit,Las Vegas,Online,51.0,Doctor,109.0,14798.1,4.386143150185721,1,C1 - Saver 
TX001921,233.71,Debit,Jacksonville,Online,19.0,Student,297.0,1231.98,5.458350709533451,2,C2- Young & Active
TX001922,14.92,Debit,Las Vegas,Branch,26.0,Engineer,120.0,6611.26,2.767576180416237,2,C2- Young & Active
TX001923,242.17,Debit,Jacksonville,ATM,60.0,Doctor,147.0,883.72,5.493760787219967,1,C1 - Saver 
TX001924,122.98,Debit,Jacksonville,Online,79.0,Retired,228.0,5055.99,4.8201202622737735,1,C1 - Saver 
TX001925,129.35,Debit,Las Vegas,ATM,52.0,Engineer,130.0,7166.88,4.870223140379511,1,C1 - Saver 
TX001926,138.33,Debit,Dallas,Online,21.0,Student,69.0,232.56,4.936845220125501,2,C2- Young & Active
TX001927,39.31,Debit,Portland,Online,25.0,Student,178.0,1236.38,3.6965995771290743,2,C2- Young & Active
TX001928,91.85,Debit,Seattle,Online,21.0,Student,148.0,802.09,4.530985287798715,2,C2- Young & Active
TX001929,277.7,Debit,Nashville,Branch,58.0,Engineer,107.0,1423.2,5.630135934487902,1,C1 - Saver 
TX001930,114.03,Debit,Portland,ATM,51.0,Doctor,172.0,13388.56,4.745192963907919,1,C1 - Saver 
TX001931,302.63,Credit,San Jose,Branch,27.0,Engineer,10.0,2801.28,5.71580985486892,2,C2- Young & Active
TX001932,31.19,Debit,Charlotte,ATM,52.0,Engineer,74.0,5545.96,3.4716558453107167,1,C1 - Saver 
TX001933,112.91,Credit,Tucson,Online,27.0,Engineer,135.0,4764.48,4.735408662911821,2,C2- Young & Active
TX001934,742.26,Debit,San Diego,Online,27.0,Engineer,36.0,7868.19,6.611045916210839,0,C0 - High Spender  
TX001935,256.8,Debit,Charlotte,ATM,26.0,Student,80.0,1128.38,5.552184090505087,2,C2- Young & Active
TX001936,378.68,Debit,Fort Worth,ATM,60.0,Doctor,239.0,7627.04,5.939328792687453,1,C1 - Saver 
TX001937,571.93,Debit,Washington,Online,52.0,Retired,119.0,4026.03,6.350763545203239,0,C0 - High Spender  
TX001938,26.31,Credit,Austin,Online,77.0,Retired,163.0,7095.76,3.3072529354856135,1,C1 - Saver 
TX001940,533.61,Debit,Mesa,Online,48.0,Engineer,115.0,3656.93,6.281537509104132,0,C0 - High Spender  
TX001941,428.62,Debit,Raleigh,Branch,55.0,Retired,72.0,3473.24,6.062901097045831,1,C1 - Saver 
TX001942,361.22,Debit,Raleigh,ATM,64.0,Retired,167.0,7061.73,5.8922517620363895,1,C1 - Saver 
TX001943,837.29,Debit,Phoenix,Branch,25.0,Student,216.0,6012.67,6.731364102668928,0,C0 - High Spender  
TX001944,117.25,Credit,Atlanta,Online,31.0,Doctor,73.0,13694.68,4.772801027372043,1,C1 - Saver 
TX001945,135.27,Debit,Atlanta,ATM,48.0,Doctor,131.0,9410.51,4.914638211761729,1,C1 - Saver 
TX001946,185.1,Debit,Albuquerque,Branch,53.0,Retired,23.0,6115.63,5.226284163648205,1,C1 - Saver 
TX001947,113.54,Debit,Columbus,Online,38.0,Engineer,273.0,5581.21,4.7409241069657115,1,C1 - Saver 
TX001948,354.96,Debit,Fort Worth,Online,69.0,Doctor,96.0,6712.94,5.874818364988662,1,C1 - Saver 
TX001949,224.22,Debit,Fresno,Branch,53.0,Doctor,37.0,8400.87,5.417077702268879,1,C1 - Saver 
TX001950,737.1,Debit,Washington,ATM,60.0,Retired,92.0,4644.19,6.604079316776007,0,C0 - High Spender  
TX001951,223.22,Debit,Fort Worth,ATM,27.0,Student,96.0,1734.22,5.412627712725447,2,C2- Young & Active
TX001952,557.26,Debit,San Jose,ATM,69.0,Doctor,53.0,5237.12,6.3248248036811905,1,C1 - Saver 
TX001953,1496.57,Debit,Memphis,Online,33.0,Engineer,95.0,969.06,7.311599073471402,0,C0 - High Spender  
TX001954,27.44,Debit,Boston,ATM,62.0,Retired,164.0,5950.48,3.34779660493504,1,C1 - Saver 
TX001955,310.09,Debit,Detroit,Branch,36.0,Doctor,166.0,9962.5,5.740082259381818,1,C1 - Saver 
TX001956,80.38,Debit,Kansas City,Online,52.0,Doctor,116.0,9662.88,4.399129542573544,1,C1 - Saver 
TX001957,26.1,Credit,Detroit,Branch,66.0,Doctor,115.0,5243.0,3.299533727885655,1,C1 - Saver 
TX001958,845.14,Credit,Oklahoma City,Branch,73.0,Retired,183.0,1702.65,6.740684830548721,0,C0 - High Spender  
TX001959,59.73,Debit,Fresno,ATM,27.0,Student,56.0,800.93,4.106437809909484,2,C2- Young & Active
TX001960,758.77,Debit,San Antonio,ATM,60.0,Engineer,114.0,7231.47,6.633015755899252,0,C0 - High Spender  
TX001961,301.51,Debit,Charlotte,ATM,22.0,Student,284.0,1052.31,5.7121143347757375,2,C2- Young & Active
TX001963,118.06,Credit,Las Vegas,Branch,32.0,Doctor,31.0,13560.63,4.779627567725244,1,C1 - Saver 
TX001964,483.92,Debit,New York,ATM,70.0,Retired,115.0,3138.0,6.183983928878383,1,C1 - Saver 
TX001965,78.93,Debit,Mesa,ATM,38.0,Doctor,145.0,9916.24,4.381151251637927,1,C1 - Saver 
TX001966,36.63,Debit,Miami,ATM,75.0,Retired,261.0,7941.73,3.627801604605346,1,C1 - Saver 
TX001967,87.85,Debit,Colorado Springs,Branch,49.0,Engineer,63.0,3753.24,4.486949554600661,1,C1 - Saver 
TX001968,1001.83,Debit,Philadelphia,Online,31.0,Doctor,55.0,9733.83,6.9105812820712,0,C0 - High Spender  
TX001969,705.34,Debit,Washington,Online,59.0,Doctor,124.0,5003.22,6.560096707969994,0,C0 - High Spender  
TX001970,146.55,Debit,Virginia Beach,Online,54.0,Retired,124.0,4087.44,4.994167101388949,1,C1 - Saver 
TX001971,116.89,Debit,Columbus,Online,71.0,Retired,226.0,4880.31,4.769751986304036,1,C1 - Saver 
TX001972,106.41,Debit,Los Angeles,Branch,57.0,Retired,87.0,1310.38,4.676653287609955,1,C1 - Saver 
TX001973,1087.9,Debit,Boston,ATM,78.0,Retired,103.0,2513.51,6.992923291352016,0,C0 - High Spender  
TX001974,584.41,Debit,Las Vegas,ATM,23.0,Student,41.0,4475.22,6.372312456448747,2,C2- Young & Active
TX001975,584.98,Credit,Chicago,Branch,55.0,Retired,121.0,6521.05,6.373285659301748,0,C0 - High Spender  
TX001976,79.21,Debit,Colorado Springs,Branch,56.0,Retired,140.0,1615.04,4.384648195378833,1,C1 - Saver 
TX001977,173.13,Credit,Atlanta,Online,20.0,Student,288.0,1490.34,5.159802146691291,2,C2- Young & Active
TX001979,1225.5,Credit,Las Vegas,Online,50.0,Doctor,109.0,8611.17,7.111919863698544,0,C0 - High Spender  
TX001980,422.81,Debit,Los Angeles,Branch,28.0,Student,193.0,1929.28,6.049285241591683,2,C2- Young & Active
TX001981,135.43,Debit,San Jose,ATM,57.0,Retired,92.0,5315.83,4.915811662574783,1,C1 - Saver 
TX001982,584.88,Debit,Philadelphia,ATM,26.0,Student,121.0,548.45,6.373114990450106,2,C2- Young & Active
TX001983,308.94,Debit,Los Angeles,Online,25.0,Student,167.0,1931.66,5.736378730359188,2,C2- Young & Active
TX001984,295.93,Debit,Boston,Branch,36.0,Doctor,117.0,1050.63,5.693496420787701,2,C2- Young & Active
TX001985,1512.99,Debit,Philadelphia,Online,19.0,Student,50.0,9963.39,7.322503828955766,0,C0 - High Spender  
TX001986,77.44,Debit,Washington,Branch,58.0,Retired,268.0,1950.63,4.362334001328145,1,C1 - Saver 
TX001987,92.5,Credit,Seattle,Online,40.0,Engineer,70.0,6295.45,4.537961436294641,1,C1 - Saver 
TX001988,97.74,Credit,Los Angeles,Online,41.0,Engineer,137.0,4113.63,4.592490132830717,2,C2- Young & Active
TX001989,291.68,Debit,Columbus,ATM,21.0,Student,90.0,1451.02,5.679079862015829,2,C2- Young & Active
TX001990,56.96,Debit,Albuquerque,ATM,22.0,Student,135.0,1597.85,4.059753117452481,2,C2- Young & Active
TX001991,436.8,Debit,Seattle,Online,27.0,Student,92.0,1256.33,6.081762185088762,2,C2- Young & Active
TX001992,259.49,Debit,Austin,Online,72.0,Retired,292.0,7320.61,5.562564472740664,1,C1 - Saver 
TX001993,726.26,Debit,Omaha,Online,57.0,Retired,147.0,2150.38,6.589284047710476,0,C0 - High Spender  
TX001994,568.68,Debit,Houston,ATM,72.0,Retired,101.0,2940.04,6.345074799673869,0,C0 - High Spender  
TX001996,999.28,Debit,Boston,Online,29.0,Engineer,40.0,4272.41,6.908035239789453,0,C0 - High Spender  
TX001997,14.16,Credit,Oklahoma City,Branch,74.0,Retired,290.0,5399.76,2.7186603802142257,1,C1 - Saver 
TX001998,1142.83,Credit,Omaha,Branch,61.0,Retired,48.0,2467.39,7.04213755949886,0,C0 - High Spender  
TX001999,61.33,Debit,Raleigh,ATM,27.0,Engineer,129.0,7537.4,4.132442850820759,2,C2- Young & Active
TX002000,27.64,Debit,New York,Online,54.0,Engineer,23.0,7498.51,3.3548043420924447,1,C1 - Saver 
TX002001,3.85,Debit,San Jose,ATM,29.0,Doctor,32.0,10506.41,1.578978704949392,1,C1 - Saver 
TX002002,431.22,Credit,Austin,Branch,73.0,Retired,129.0,6505.98,6.068934717874881,1,C1 - Saver 
TX002003,178.55,Debit,Houston,Branch,55.0,Engineer,67.0,7568.4,5.1904537206720915,1,C1 - Saver 
TX002004,248.76,Debit,Denver,ATM,18.0,Student,56.0,546.46,5.520500456767122,2,C2- Young & Active
TX002005,76.16,Debit,San Francisco,ATM,23.0,Student,99.0,1072.25,4.345881188037528,2,C2- Young & Active
TX002006,347.25,Debit,Indianapolis,ATM,69.0,Doctor,250.0,7273.55,5.852920612659915,1,C1 - Saver 
TX002007,28.04,Debit,Los Angeles,ATM,57.0,Doctor,146.0,11197.54,3.3686741899565953,1,C1 - Saver 
TX002008,325.98,Debit,Washington,ATM,19.0,Student,277.0,782.35,5.789899006947267,2,C2- Young & Active
TX002009,249.56,Debit,New York,Branch,76.0,Retired,246.0,4444.95,5.523698412802438,1,C1 - Saver 
TX002010,17.43,Debit,Albuquerque,ATM,56.0,Doctor,33.0,10658.88,2.9139797716817317,1,C1 - Saver 
TX002011,198.01,Credit,Austin,Branch,26.0,Student,40.0,250.93,5.293355074718222,2,C2- Young & Active
TX002012,585.58,Debit,Raleigh,Branch,23.0,Student,55.0,1729.02,6.374309061178613,2,C2- Young & Active
TX002013,434.67,Credit,Virginia Beach,Online,27.0,Student,124.0,1298.13,6.076885076036254,2,C2- Young & Active
TX002014,510.7,Credit,Nashville,Online,27.0,Student,294.0,5828.48,6.237738515811046,2,C2- Young & Active
TX002015,331.98,Debit,Denver,ATM,74.0,Retired,12.0,7600.99,5.808082428116706,1,C1 - Saver 
TX002016,199.54,Debit,Portland,Online,56.0,Engineer,268.0,9603.73,5.301013728095779,1,C1 - Saver 
TX002017,212.97,Debit,Atlanta,Online,59.0,Engineer,178.0,4180.4,5.3658358182788595,1,C1 - Saver 
TX002018,270.56,Debit,Philadelphia,Online,23.0,Student,139.0,1268.44,5.604183109433446,2,C2- Young & Active
TX002019,306.37,Debit,Colorado Springs,ATM,26.0,Engineer,120.0,9609.67,5.728052233628939,1,C1 - Saver 
TX002020,643.02,Credit,Detroit,ATM,38.0,Doctor,85.0,11989.39,6.46772978152275,0,C0 - High Spender  
TX002021,98.48,Debit,Miami,Branch,47.0,Engineer,12.0,9538.92,4.599956618935204,1,C1 - Saver 
TX002022,889.01,Debit,Virginia Beach,Online,36.0,Engineer,169.0,4826.88,6.791232698618119,0,C0 - High Spender  
TX002023,537.86,Debit,Kansas City,Online,27.0,Student,134.0,293.06,6.2894557969109135,2,C2- Young & Active
TX002024,241.18,Debit,Mesa,ATM,25.0,Student,162.0,1445.53,5.48968125132622,2,C2- Young & Active
TX002025,130.54,Debit,Atlanta,ATM,64.0,Doctor,94.0,11204.62,4.879310987873205,1,C1 - Saver 
TX002026,800.29,Credit,San Diego,Branch,20.0,Student,84.0,693.4,6.686222928985698,0,C0 - High Spender  
TX002027,8.81,Debit,Dallas,Online,57.0,Doctor,165.0,13523.65,2.2834022735772717,1,C1 - Saver 
TX002028,28.52,Debit,Detroit,ATM,20.0,Student,163.0,662.51,3.385067999732272,2,C2- Young & Active
TX002029,431.31,Credit,Atlanta,Online,23.0,Student,99.0,342.73,6.0691429234902445,2,C2- Young & Active
TX002030,885.33,Credit,Raleigh,ATM,47.0,Engineer,59.0,7764.16,6.787089341755503,0,C0 - High Spender  
TX002031,199.23,Debit,Tucson,ATM,29.0,Engineer,54.0,9834.0,5.299466705804558,1,C1 - Saver 
TX002032,42.26,Debit,Raleigh,ATM,44.0,Doctor,171.0,268.77,3.767228420524913,2,C2- Young & Active
TX002033,166.06,Debit,Indianapolis,ATM,30.0,Engineer,172.0,5397.68,5.118353029327761,2,C2- Young & Active
TX002034,357.72,Debit,Miami,ATM,53.0,Retired,25.0,7659.5,5.882542139883795,1,C1 - Saver 
TX002035,588.37,Debit,Dallas,Online,28.0,Student,284.0,1926.08,6.37905416978864,2,C2- Young & Active
TX002036,72.82,Debit,Houston,Online,68.0,Doctor,127.0,6911.62,4.301629697601852,1,C1 - Saver 
TX002037,162.36,Debit,Tucson,Online,36.0,Engineer,147.0,7527.04,5.095956354416355,1,C1 - Saver 
TX002038,584.82,Credit,Nashville,Online,43.0,Doctor,109.0,12071.1,6.373012575155999,1,C1 - Saver 
TX002039,38.15,Credit,Oklahoma City,Online,72.0,Retired,129.0,1425.47,3.667400422436812,1,C1 - Saver 
TX002040,477.54,Credit,San Francisco,ATM,23.0,Student,52.0,1598.63,6.1707398019655315,2,C2- Young & Active
TX002041,639.57,Debit,Philadelphia,Branch,60.0,Doctor,43.0,11726.47,6.4623584049826,1,C1 - Saver 
TX002042,58.23,Debit,Phoenix,Online,28.0,Student,34.0,9189.76,4.0814281702888735,1,C1 - Saver 
TX002043,776.21,Credit,Raleigh,Online,78.0,Retired,99.0,4895.87,6.655710584121488,0,C0 - High Spender  
TX002045,188.61,Debit,Boston,Online,67.0,Retired,26.0,7167.57,5.2449693310461125,1,C1 - Saver 
TX002046,675.37,Credit,Jacksonville,Online,56.0,Retired,31.0,4704.91,6.516740263586657,0,C0 - High Spender  
TX002047,94.82,Credit,Columbus,Branch,67.0,Retired,56.0,1267.72,4.562471431454976,1,C1 - Saver 
TX002048,425.18,Credit,Fresno,Online,59.0,Engineer,135.0,5790.55,6.054861792237774,1,C1 - Saver 
TX002049,50.28,Debit,Oklahoma City,Branch,60.0,Engineer,65.0,5729.1,3.9373008126124147,1,C1 - Saver 
TX002051,70.68,Debit,El Paso,Online,25.0,Student,105.0,1478.41,4.272211768666675,2,C2- Young & Active
TX002052,261.77,Debit,Chicago,Online,28.0,Student,46.0,824.71,5.571279124843107,2,C2- Young & Active
TX002053,183.22,Debit,Milwaukee,ATM,27.0,Student,63.0,1024.42,5.216130695560089,2,C2- Young & Active
TX002054,58.32,Credit,Louisville,Branch,29.0,Engineer,275.0,6027.49,4.082946517269732,2,C2- Young & Active
TX002055,156.86,Debit,Charlotte,ATM,51.0,Doctor,102.0,14453.35,5.061708564280257,1,C1 - Saver 
TX002056,120.67,Debit,Colorado Springs,ATM,42.0,Doctor,233.0,5374.54,4.801312461799358,1,C1 - Saver 
TX002057,308.62,Credit,Sacramento,Branch,59.0,Engineer,101.0,9148.08,5.7353457391123195,1,C1 - Saver 
TX002058,506.81,Debit,Milwaukee,ATM,59.0,Engineer,41.0,2757.23,6.230107361869115,0,C0 - High Spender  
TX002059,328.39,Debit,New York,ATM,41.0,Engineer,108.0,2523.83,5.79724245905564,2,C2- Young & Active
TX002060,796.3,Debit,Austin,Branch,67.0,Retired,64.0,1498.79,6.681231019508449,0,C0 - High Spender  
TX002061,72.47,Debit,Boston,Online,29.0,Doctor,72.0,1305.56,4.296877159632186,2,C2- Young & Active
TX002062,279.6,Debit,Fort Worth,ATM,25.0,Student,131.0,1910.9,5.6369301676683605,2,C2- Young & Active
TX002063,304.2,Debit,Indianapolis,Online,25.0,Student,102.0,423.64,5.720967299410302,2,C2- Young & Active
TX002064,351.38,Debit,New York,Branch,64.0,Retired,21.0,7606.63,5.864710138762483,1,C1 - Saver 
TX002065,86.07,Debit,Dallas,Branch,31.0,Doctor,23.0,842.56,4.466712392840524,2,C2- Young & Active
TX002066,604.5,Debit,Portland,ATM,28.0,Student,80.0,709.42,6.406054562993147,2,C2- Young & Active
TX002067,258.7,Debit,Charlotte,ATM,27.0,Student,123.0,1358.37,5.5595271186687025,2,C2- Young & Active
TX002068,994.63,Debit,Austin,Online,61.0,Doctor,158.0,13538.14,6.903375702622826,0,C0 - High Spender  
TX002069,11.46,Credit,Austin,Branch,75.0,Retired,64.0,7258.33,2.522523513359307,1,C1 - Saver 
TX002070,63.76,Debit,San Antonio,ATM,69.0,Retired,100.0,4980.26,4.170688128809434,1,C1 - Saver 
TX002071,446.83,Credit,Miami,Branch,55.0,Retired,143.0,1623.5,6.10441369611448,1,C1 - Saver 
TX002072,63.54,Debit,Dallas,ATM,26.0,Engineer,136.0,4401.78,4.167285186623816,2,C2- Young & Active
TX002073,81.11,Debit,Charlotte,Online,48.0,Engineer,110.0,2051.37,4.4080598117206975,2,C2- Young & Active
TX002074,441.26,Credit,Tucson,Branch,58.0,Doctor,87.0,13704.92,6.0918979444292525,1,C1 - Saver 
TX002075,170.96,Debit,Washington,Branch,64.0,Doctor,69.0,13374.89,5.147261891628081,1,C1 - Saver 
TX002076,48.51,Debit,Austin,Branch,22.0,Student,69.0,3363.23,3.9021746693733315,2,C2- Young & Active
TX002077,325.03,Debit,Jacksonville,Branch,60.0,Doctor,106.0,13521.76,5.786989401672587,1,C1 - Saver 
TX002080,738.94,Debit,Philadelphia,Branch,41.0,Doctor,173.0,13856.18,6.606569101829886,0,C0 - High Spender  
TX002081,180.36,Credit,Oklahoma City,Online,33.0,Engineer,55.0,9905.23,5.200484006199273,1,C1 - Saver 
TX002082,225.1,Debit,Boston,ATM,28.0,Student,35.0,1547.71,5.420977379283924,2,C2- Young & Active
TX002084,720.46,Debit,Tucson,Branch,54.0,Retired,44.0,3101.54,6.581276936621629,0,C0 - High Spender  
TX002085,1116.57,Debit,Tucson,ATM,56.0,Retired,104.0,1393.14,7.0189119643469615,0,C0 - High Spender  
TX002086,291.46,Debit,Miami,ATM,57.0,Retired,135.0,7142.53,5.678327905183733,1,C1 - Saver 
TX002087,1192.95,Debit,Las Vegas,Branch,23.0,Student,73.0,325.15,7.08502241702882,0,C0 - High Spender  
TX002088,98.24,Debit,Mesa,Online,28.0,Student,148.0,580.66,4.5975411588236,2,C2- Young & Active
TX002089,100.48,Credit,Milwaukee,Branch,18.0,Student,104.0,6149.81,4.6198617347310815,2,C2- Young & Active
TX002090,45.9,Debit,Columbus,Branch,56.0,Engineer,264.0,5698.25,3.8480176754522337,1,C1 - Saver 
TX002091,258.21,Debit,San Antonio,Online,39.0,Doctor,225.0,9562.41,5.5576385439808345,1,C1 - Saver 
TX002092,1079.11,Debit,Las Vegas,Online,53.0,Engineer,211.0,2038.31,6.98481816678357,0,C0 - High Spender  
TX002093,287.51,Debit,El Paso,Online,22.0,Student,255.0,187.65,5.6647297473925,2,C2- Young & Active
TX002094,501.3,Credit,San Antonio,Online,26.0,Engineer,146.0,8520.08,6.219197550755999,0,C0 - High Spender  
TX002095,26.1,Debit,Mesa,ATM,27.0,Student,32.0,1435.72,3.299533727885655,2,C2- Young & Active
TX002096,436.77,Debit,Jacksonville,ATM,20.0,Student,176.0,825.69,6.081693658300472,2,C2- Young & Active
TX002098,1026.46,Debit,Philadelphia,Branch,53.0,Retired,165.0,3134.47,6.93484501617223,0,C0 - High Spender  
TX002100,123.35,Credit,Baltimore,Online,31.0,Doctor,10.0,6852.16,4.823100170249414,2,C2- Young & Active
TX002101,139.52,Debit,Portland,Branch,23.0,Student,31.0,1570.22,4.945349827397626,2,C2- Young & Active
TX002102,51.2,Debit,Tucson,Online,18.0,Student,83.0,730.6,3.955082494888593,2,C2- Young & Active
TX002103,122.85,Credit,Seattle,Online,47.0,Doctor,127.0,13185.39,4.819071155935369,1,C1 - Saver 
TX002104,161.38,Credit,Colorado Springs,Online,24.0,Student,101.0,3900.34,5.089939267434301,2,C2- Young & Active
TX002105,2.51,Debit,Baltimore,Online,63.0,Retired,32.0,4891.56,1.2556160374777745,1,C1 - Saver 
TX002106,22.62,Debit,Virginia Beach,ATM,64.0,Doctor,102.0,7682.0,3.1620938107692163,1,C1 - Saver 
TX002107,126.83,Debit,Austin,Branch,57.0,Retired,39.0,6100.98,4.8507012561799305,1,C1 - Saver 
TX002108,46.6,Debit,Detroit,Online,55.0,Doctor,68.0,1562.9,3.8628327612373745,1,C1 - Saver 
TX002109,243.8,Debit,San Francisco,Branch,57.0,Doctor,48.0,13732.81,5.500441550638171,1,C1 - Saver 
TX002110,231.51,Credit,Oklahoma City,Branch,60.0,Retired,96.0,5790.7,5.448933234855163,1,C1 - Saver 
TX002112,762.74,Debit,Los Angeles,ATM,64.0,Doctor,244.0,207.1,6.638227417110398,0,C0 - High Spender  
TX002113,34.03,Debit,Los Angeles,Branch,57.0,Engineer,38.0,3077.2,3.5562048372093953,1,C1 - Saver 
TX002114,15.95,Debit,Raleigh,Branch,25.0,Student,52.0,1983.0,2.830267833826459,2,C2- Young & Active
TX002116,101.51,Credit,Tucson,Online,46.0,Engineer,199.0,3052.47,4.62996035479531,2,C2- Young & Active
TX002117,309.42,Debit,Fresno,Branch,27.0,Engineer,42.0,8564.46,5.737926219223039,1,C1 - Saver 
TX002118,257.6,Credit,Fort Worth,Online,59.0,Retired,293.0,7950.74,5.555282466337757,1,C1 - Saver 
TX002120,82.01,Credit,Sacramento,Branch,23.0,Student,156.0,287.46,4.418961082466945,2,C2- Young & Active
TX002121,476.99,Debit,San Diego,Online,23.0,Student,187.0,1154.48,6.1695898117705275,2,C2- Young & Active
TX002122,320.11,Debit,El Paso,Branch,23.0,Student,130.0,4076.48,5.77178374355666,2,C2- Young & Active
TX002123,333.39,Debit,Philadelphia,ATM,68.0,Doctor,35.0,10628.59,5.812307976457184,1,C1 - Saver 
TX002124,10.3,Debit,Fresno,ATM,47.0,Engineer,197.0,7801.32,2.424802725718295,1,C1 - Saver 
TX002125,737.46,Credit,Albuquerque,Branch,53.0,Doctor,75.0,634.16,6.6045669366588875,0,C0 - High Spender  
TX002126,416.55,Debit,Oklahoma City,Online,33.0,Engineer,73.0,922.96,6.034404297599238,2,C2- Young & Active
TX002128,98.95,Debit,Mesa,Branch,75.0,Retired,73.0,5670.82,4.604670060946409,1,C1 - Saver 
TX002130,1154.79,Debit,Columbus,ATM,51.0,Doctor,108.0,6180.3,7.052539371830329,0,C0 - High Spender  
TX002131,215.13,Debit,Charlotte,Online,46.0,Engineer,114.0,3956.69,5.375880078495827,1,C1 - Saver 
TX002132,218.57,Credit,Memphis,Branch,62.0,Doctor,102.0,13869.86,5.391671088281245,1,C1 - Saver 
TX002133,341.88,Debit,Austin,ATM,43.0,Engineer,89.0,4159.52,5.837380531725267,2,C2- Young & Active
TX002134,691.92,Debit,Boston,Online,19.0,Student,61.0,1084.65,6.54091455241074,2,C2- Young & Active
TX002135,50.43,Debit,San Jose,Branch,32.0,Doctor,51.0,9794.26,3.940221659786825,1,C1 - Saver 
TX002136,440.43,Debit,Colorado Springs,Branch,78.0,Retired,23.0,5123.24,6.0900194570771955,1,C1 - Saver 
TX002137,299.03,Debit,Columbus,Branch,39.0,Engineer,52.0,1381.28,5.703882469656534,2,C2- Young & Active
TX002138,1.98,Debit,Seattle,ATM,66.0,Doctor,170.0,11619.1,1.091923300517313,1,C1 - Saver 
TX002139,173.45,Debit,Philadelphia,ATM,31.0,Engineer,161.0,9077.62,5.161638167632783,1,C1 - Saver 
TX002140,438.76,Debit,San Antonio,Branch,22.0,Student,73.0,1824.19,6.086229123552405,2,C2- Young & Active
TX002141,519.62,Credit,Washington,Online,71.0,Retired,40.0,4159.33,6.255020409033453,1,C1 - Saver 
TX002142,738.68,Debit,Chicago,Online,50.0,Doctor,124.0,14352.33,6.606217660239915,0,C0 - High Spender  
TX002143,151.14,Debit,Memphis,Online,64.0,Retired,38.0,2156.54,5.024801149569155,1,C1 - Saver 
TX002144,75.77,Debit,Charlotte,Branch,51.0,Engineer,148.0,8361.7,4.3408139388398075,1,C1 - Saver 
TX002145,444.52,Debit,Louisville,Online,27.0,Engineer,17.0,5424.6,6.099242139281413,2,C2- Young & Active
TX002146,5.29,Debit,Indianapolis,Online,52.0,Doctor,276.0,11263.89,1.8389610707123492,1,C1 - Saver 
TX002147,97.63,Credit,Milwaukee,Online,48.0,Doctor,127.0,12467.31,4.591375474965902,1,C1 - Saver 
TX002148,256.95,Debit,San Diego,Branch,26.0,Engineer,71.0,2531.24,5.5527657676906585,2,C2- Young & Active
TX002149,734.86,Credit,Boston,Branch,48.0,Engineer,290.0,6242.03,6.601039883243949,0,C0 - High Spender  
TX002150,1250.94,Debit,Columbus,ATM,36.0,Doctor,107.0,11565.97,7.132449627189001,0,C0 - High Spender  
TX002151,84.28,Debit,Memphis,Branch,39.0,Doctor,142.0,13586.06,4.445939960417534,1,C1 - Saver 
TX002152,927.45,Debit,Austin,ATM,24.0,Student,95.0,1161.84,6.833516529046604,0,C0 - High Spender  
TX002153,202.49,Credit,Virginia Beach,ATM,48.0,Engineer,69.0,7447.1,5.315616863626098,1,C1 - Saver 
TX002154,154.99,Debit,Mesa,Branch,25.0,Student,53.0,1419.31,5.049791902630777,2,C2- Young & Active
TX002155,481.53,Debit,Atlanta,Branch,58.0,Retired,277.0,6142.54,6.179043095011986,1,C1 - Saver 
TX002156,172.92,Debit,Miami,Online,20.0,Student,212.0,416.37,5.1585954233728994,2,C2- Young & Active
TX002157,275.59,Credit,Philadelphia,Branch,53.0,Retired,238.0,6313.22,5.622536265287162,1,C1 - Saver 
TX002158,207.2,Debit,Columbus,Online,60.0,Engineer,133.0,8092.94,5.338499156180869,1,C1 - Saver 
TX002159,136.82,Debit,Chicago,Branch,31.0,Engineer,14.0,6229.13,4.925948485929061,2,C2- Young & Active
TX002160,624.0,Debit,Houston,Branch,26.0,Engineer,132.0,4976.18,6.437751649736401,0,C0 - High Spender  
TX002162,10.15,Debit,Austin,ATM,59.0,Doctor,58.0,7155.04,2.4114394979061275,1,C1 - Saver 
TX002163,26.3,Debit,Virginia Beach,ATM,32.0,Doctor,33.0,7473.73,3.306886702190914,1,C1 - Saver 
TX002164,319.5,Credit,Virginia Beach,Branch,29.0,Engineer,69.0,2366.3,5.7698822763607245,2,C2- Young & Active
TX002165,182.42,Debit,Kansas City,Branch,51.0,Retired,137.0,3051.29,5.211778605130798,1,C1 - Saver 
TX002166,716.62,Debit,Atlanta,ATM,44.0,Doctor,241.0,6987.4,6.575940181036251,0,C0 - High Spender  
TX002167,222.96,Credit,Fresno,ATM,65.0,Doctor,150.0,7370.41,5.411467464480692,1,C1 - Saver 
TX002168,79.77,Debit,San Francisco,ATM,68.0,Retired,167.0,5010.31,4.391605609454205,1,C1 - Saver 
TX002170,592.24,Debit,Tucson,ATM,52.0,Doctor,140.0,9817.05,6.385599038873762,1,C1 - Saver 
TX002171,200.19,Credit,San Antonio,Branch,52.0,Retired,108.0,4389.96,5.304249735201145,1,C1 - Saver 
TX002172,297.5,Credit,Kansas City,Branch,73.0,Retired,80.0,6768.14,5.698769932832657,1,C1 - Saver 
TX002174,343.88,Debit,Nashville,Online,63.0,Retired,97.0,6486.18,5.843196530438879,1,C1 - Saver 
TX002176,162.1,Debit,Milwaukee,Branch,41.0,Engineer,151.0,8576.65,5.094363509626968,1,C1 - Saver 
TX002177,36.12,Debit,Houston,Online,22.0,Student,234.0,1593.03,3.6141559079179997,2,C2- Young & Active
TX002178,354.91,Debit,Boston,ATM,74.0,Retired,191.0,3872.55,5.874677889901687,1,C1 - Saver 
TX002179,38.41,Debit,Denver,ATM,40.0,Doctor,117.0,9129.68,3.6740195912069122,1,C1 - Saver 
TX002180,53.52,Debit,San Diego,Branch,49.0,Engineer,55.0,2227.49,3.998567606828332,2,C2- Young & Active
TX002182,13.3,Debit,San Antonio,ATM,23.0,Student,63.0,213.0,2.6602595372658615,2,C2- Young & Active
TX002183,189.65,Debit,Charlotte,ATM,21.0,Student,60.0,8457.09,5.250439286303573,2,C2- Young & Active
TX002184,255.32,Debit,Baltimore,ATM,80.0,Retired,27.0,6290.62,5.546426663879994,1,C1 - Saver 
TX002185,230.51,Credit,Memphis,Branch,51.0,Engineer,56.0,9522.37,5.444623069137621,1,C1 - Saver 
TX002186,237.74,Debit,Tucson,ATM,61.0,Doctor,152.0,11795.12,5.475375093666893,1,C1 - Saver 
TX002188,151.37,Debit,Baltimore,ATM,54.0,Engineer,53.0,8356.08,5.026311773481264,1,C1 - Saver 
TX002189,85.01,Credit,Portland,ATM,25.0,Student,157.0,1299.4,4.454463568563388,2,C2- Young & Active
TX002190,444.47,Debit,San Jose,Online,57.0,Retired,61.0,6062.94,6.09912990457608,1,C1 - Saver 
TX002192,879.25,Credit,Memphis,Online,24.0,Student,137.0,125.85,6.780205958035162,0,C0 - High Spender  
TX002193,55.98,Credit,Kansas City,Branch,24.0,Student,87.0,7047.04,4.0427003290697625,2,C2- Young & Active
TX002194,54.91,Credit,Columbus,ATM,41.0,Engineer,275.0,7927.27,4.0237432550385535,1,C1 - Saver 
TX002195,1047.69,Debit,Austin,Online,20.0,Student,139.0,1889.78,6.955297045179371,0,C0 - High Spender  
TX002196,393.74,Debit,Charlotte,Online,26.0,Student,90.0,1769.06,5.978227320325962,2,C2- Young & Active
TX002197,58.94,Debit,Miami,Online,30.0,Engineer,26.0,4575.98,4.0933440618885175,2,C2- Young & Active
TX002198,515.57,Debit,Columbus,ATM,27.0,Engineer,56.0,9269.67,6.247210806966204,0,C0 - High Spender  
TX002199,332.15,Debit,Dallas,ATM,59.0,Doctor,105.0,9749.46,5.808592839008546,1,C1 - Saver 
TX002200,177.94,Debit,Milwaukee,Online,19.0,Student,173.0,123.24,5.18705055411945,2,C2- Young & Active
TX002202,1431.54,Debit,Portland,Online,20.0,Student,84.0,1171.98,7.267204371410219,0,C0 - High Spender  
TX002203,240.03,Debit,Atlanta,Online,33.0,Engineer,31.0,7807.73,5.484921407071298,1,C1 - Saver 
TX002205,474.77,Debit,Boston,Online,46.0,Engineer,284.0,8494.53,6.164934544178619,1,C1 - Saver 
TX002206,451.7,Debit,Chicago,Online,29.0,Engineer,103.0,8994.67,6.1152296544419125,1,C1 - Saver 
TX002207,243.85,Debit,Omaha,Branch,39.0,Engineer,43.0,4576.78,5.500645778148327,2,C2- Young & Active
TX002209,435.08,Debit,San Francisco,Online,55.0,Engineer,78.0,2103.41,6.077825712756026,1,C1 - Saver 
TX002210,127.78,Debit,Miami,ATM,20.0,Student,170.0,1046.66,4.858105522110037,2,C2- Young & Active
TX002211,23.14,Credit,Mesa,Online,47.0,Doctor,93.0,10536.54,3.183870215669385,1,C1 - Saver 
TX002212,545.87,Debit,Miami,Branch,27.0,Engineer,41.0,4860.01,6.30421111421294,2,C2- Young & Active
TX002213,21.21,Debit,Nashville,Online,55.0,Engineer,37.0,9575.42,3.100542637906336,1,C1 - Saver 
TX002214,423.53,Credit,Kansas City,Branch,50.0,Doctor,81.0,5453.4,6.050982674632389,1,C1 - Saver 
TX002217,114.15,Debit,Atlanta,ATM,19.0,Student,52.0,1612.4,4.746235626266694,2,C2- Young & Active
TX002218,275.98,Credit,Washington,Online,72.0,Retired,67.0,6151.05,5.6239453014145715,1,C1 - Saver 
TX002219,590.68,Debit,Washington,Branch,27.0,Student,23.0,852.2,6.38296594819876,2,C2- Young & Active
TX002220,152.42,Debit,San Jose,ATM,42.0,Doctor,176.0,9141.79,5.03317925853115,1,C1 - Saver 
TX002221,395.77,Credit,El Paso,Branch,43.0,Doctor,118.0,6425.99,5.983356767713818,1,C1 - Saver 
TX002222,615.16,Debit,Boston,Online,26.0,Student,140.0,214.61,6.423506670066598,2,C2- Young & Active
TX002223,207.82,Credit,Las Vegas,Online,19.0,Student,30.0,229.02,5.3414726368619645,2,C2- Young & Active
TX002224,220.52,Debit,Seattle,ATM,57.0,Retired,152.0,1793.09,5.400512878862706,1,C1 - Saver 
TX002225,281.47,Debit,Philadelphia,ATM,34.0,Engineer,142.0,4437.48,5.643572350257175,2,C2- Young & Active
TX002226,57.91,Credit,Sacramento,Branch,58.0,Engineer,97.0,3641.06,4.076010855533596,1,C1 - Saver 
TX002227,30.48,Credit,Seattle,Branch,32.0,Doctor,78.0,11481.85,3.4493524235492026,1,C1 - Saver 
TX002228,1152.58,Debit,Austin,Branch,65.0,Retired,180.0,7567.17,7.0506254293484965,0,C0 - High Spender  
TX002230,424.47,Debit,Oklahoma City,Online,22.0,Student,116.0,5491.55,6.053194440239918,2,C2- Young & Active
TX002231,228.4,Debit,Omaha,ATM,67.0,Doctor,116.0,9598.43,5.435467204695271,1,C1 - Saver 
TX002232,67.17,Debit,Seattle,Online,63.0,Doctor,48.0,14410.44,4.222004585374694,1,C1 - Saver 
TX002233,284.89,Debit,Atlanta,Online,53.0,Doctor,115.0,9738.6,5.655607121451769,1,C1 - Saver 
TX002234,118.69,Debit,Omaha,Online,33.0,Doctor,296.0,749.34,4.784905066885279,2,C2- Young & Active
TX002235,221.33,Debit,Louisville,ATM,27.0,Student,276.0,1185.43,5.404162764631377,2,C2- Young & Active
TX002236,252.31,Credit,Seattle,ATM,26.0,Student,172.0,1584.6,5.534614035107159,2,C2- Young & Active
TX002238,194.68,Debit,Memphis,Online,32.0,Doctor,165.0,14494.18,5.276480671938862,1,C1 - Saver 
TX002239,433.53,Debit,Philadelphia,Branch,38.0,Doctor,231.0,6368.32,6.07426498720113,1,C1 - Saver 
TX002240,178.26,Debit,Oklahoma City,ATM,59.0,Retired,59.0,1137.13,5.188837265929216,1,C1 - Saver 
TX002241,207.65,Debit,San Francisco,Online,34.0,Engineer,98.0,5143.8,5.340658207037562,2,C2- Young & Active
TX002242,237.0,Debit,Tucson,Online,49.0,Doctor,115.0,14021.4,5.472270673671475,1,C1 - Saver 
TX002243,1169.59,Debit,New York,Online,28.0,Student,114.0,5946.45,7.0652631741929195,0,C0 - High Spender  
TX002244,347.63,Credit,Chicago,Online,25.0,Student,272.0,1400.04,5.854011187902892,2,C2- Young & Active
TX002245,517.68,Debit,Omaha,ATM,31.0,Doctor,24.0,11305.81,6.251287122680683,1,C1 - Saver 
TX002246,36.25,Debit,Tucson,Branch,52.0,Doctor,76.0,193.06,3.6176519448255684,2,C2- Young & Active
TX002247,46.53,Debit,San Francisco,ATM,42.0,Engineer,34.0,4468.12,3.861361090625918,1,C1 - Saver 
TX002248,207.47,Debit,Miami,ATM,53.0,Doctor,12.0,1688.9,5.339795145994346,2,C2- Young & Active
TX002249,199.7,Debit,Indianapolis,ATM,43.0,Engineer,285.0,7574.45,5.301811255802292,1,C1 - Saver 
TX002250,307.89,Credit,Nashville,Online,62.0,Retired,90.0,2637.55,5.7329852264642955,1,C1 - Saver 
TX002251,403.63,Debit,Las Vegas,Branch,31.0,Engineer,167.0,3304.02,6.00297306929085,2,C2- Young & Active
TX002252,20.06,Debit,Memphis,ATM,27.0,Student,144.0,445.21,3.0473755067058295,2,C2- Young & Active
TX002253,236.57,Debit,Sacramento,ATM,79.0,Retired,112.0,3488.77,5.470462316890431,1,C1 - Saver 
TX002254,0.32,Debit,Boston,ATM,39.0,Engineer,136.0,7158.58,0.2776317365982795,1,C1 - Saver 
TX002255,14.28,Debit,Phoenix,ATM,23.0,Student,81.0,1597.51,2.7265447837383743,2,C2- Young & Active
TX002256,232.35,Credit,Atlanta,Branch,33.0,Engineer,153.0,4186.25,5.4525394723958245,2,C2- Young & Active
TX002257,317.53,Debit,Miami,Online,44.0,Engineer,104.0,6237.68,5.763716662099238,1,C1 - Saver 
TX002258,74.67,Debit,Indianapolis,ATM,43.0,Engineer,283.0,3449.35,4.326381780706431,2,C2- Young & Active
TX002259,65.01,Credit,Austin,Online,29.0,Doctor,67.0,10235.19,4.189806245700679,1,C1 - Saver 
TX002260,0.45,Debit,Kansas City,Branch,34.0,Engineer,172.0,8670.23,0.37156355643248307,1,C1 - Saver 
TX002261,364.13,Debit,Fort Worth,ATM,63.0,Doctor,61.0,8198.0,5.9002534545545755,1,C1 - Saver 
TX002263,15.81,Debit,Oklahoma City,Branch,69.0,Doctor,11.0,8384.85,2.821973947420524,1,C1 - Saver 
TX002264,222.66,Debit,Detroit,Online,39.0,Doctor,88.0,14466.38,5.410127041600043,1,C1 - Saver 
TX002265,638.24,Debit,Phoenix,Branch,48.0,Engineer,64.0,5695.78,6.4602799707169085,0,C0 - High Spender  
TX002266,241.21,Debit,Omaha,ATM,31.0,Engineer,108.0,1220.86,5.489805118458235,2,C2- Young & Active
TX002267,171.16,Debit,New York,Online,51.0,Retired,42.0,6126.5,5.14842427697342,1,C1 - Saver 
TX002269,37.65,Credit,San Jose,Online,27.0,Student,109.0,411.78,3.654546775033431,2,C2- Young & Active
TX002270,25.77,Debit,Memphis,Online,68.0,Retired,18.0,4331.54,3.2872818575322613,1,C1 - Saver 
TX002271,789.8,Debit,Jacksonville,ATM,40.0,Doctor,94.0,13948.09,6.673045091296462,0,C0 - High Spender  
TX002273,1454.52,Debit,Miami,ATM,27.0,Student,20.0,1189.03,7.283118504073752,0,C0 - High Spender  
TX002274,806.97,Debit,Seattle,Online,25.0,Student,11.0,102.2,6.694524929118937,0,C0 - High Spender  
TX002275,364.81,Debit,Charlotte,Online,25.0,Student,53.0,1145.23,5.902114072925917,2,C2- Young & Active
TX002276,490.82,Debit,Kansas City,ATM,26.0,Engineer,114.0,8704.27,6.198112795892994,2,C2- Young & Active
TX002277,1021.38,Debit,Detroit,Branch,61.0,Doctor,125.0,6223.26,6.929888521616599,0,C0 - High Spender  
TX002278,311.28,Debit,Atlanta,Branch,49.0,Doctor,198.0,135.96,5.74390022125209,2,C2- Young & Active
TX002279,85.03,Debit,San Diego,ATM,51.0,Retired,48.0,4597.57,4.454696072633257,1,C1 - Saver 
TX002280,307.75,Debit,Detroit,Branch,64.0,Doctor,63.0,1061.58,5.732531887942187,1,C1 - Saver 
TX002281,333.67,Debit,Fort Worth,Online,36.0,Engineer,68.0,9238.08,5.813144971693325,1,C1 - Saver 
TX002282,589.89,Debit,Jacksonville,Branch,56.0,Engineer,213.0,9404.63,6.3816298748711455,1,C1 - Saver 
TX002283,372.08,Debit,Houston,Branch,66.0,Doctor,63.0,13330.74,5.921792873858663,1,C1 - Saver 
TX002284,502.9,Credit,Fresno,Online,26.0,Student,141.0,341.24,6.222377835686553,2,C2- Young & Active
TX002285,103.81,Debit,Oklahoma City,ATM,36.0,Doctor,34.0,7044.63,4.652149187182086,1,C1 - Saver 
TX002286,69.43,Debit,Las Vegas,ATM,30.0,Engineer,162.0,9281.85,4.254619308757319,1,C1 - Saver 
TX002287,110.4,Credit,San Diego,ATM,56.0,Doctor,62.0,8639.36,4.713127327493184,1,C1 - Saver 
TX002288,275.65,Credit,Atlanta,Branch,28.0,Engineer,14.0,4957.57,5.622753169344119,2,C2- Young & Active
TX002290,251.8,Debit,Mesa,ATM,62.0,Doctor,102.0,11796.66,5.532598662272703,1,C1 - Saver 
TX002291,334.07,Debit,New York,Branch,59.0,Engineer,200.0,7306.79,5.814339465220845,1,C1 - Saver 
TX002292,52.44,Debit,Raleigh,Online,27.0,Student,87.0,3157.75,3.97855952922839,2,C2- Young & Active
TX002293,1030.85,Debit,San Diego,ATM,25.0,Student,39.0,1941.8,6.939108586640133,0,C0 - High Spender  
TX002294,141.37,Debit,Denver,Online,46.0,Engineer,77.0,1019.77,4.958429302625654,2,C2- Young & Active
TX002295,211.7,Credit,Chicago,Online,50.0,Doctor,205.0,12272.78,5.3598827222061916,1,C1 - Saver 
TX002296,61.4,Debit,San Jose,Branch,41.0,Engineer,20.0,7892.87,4.133565275375382,1,C1 - Saver 
TX002297,308.23,Debit,Las Vegas,ATM,60.0,Retired,23.0,4150.63,5.734085336586247,1,C1 - Saver 
TX002298,111.41,Debit,Chicago,Branch,21.0,Student,181.0,1204.11,4.722152901473706,2,C2- Young & Active
TX002299,675.49,Debit,Charlotte,ATM,61.0,Retired,159.0,1893.0,6.516917665535587,0,C0 - High Spender  
TX002300,29.72,Debit,San Antonio,ATM,26.0,Student,38.0,1059.62,3.4249139082794713,2,C2- Young & Active
TX002301,301.73,Debit,Tucson,Online,67.0,Doctor,163.0,990.74,5.712841319144547,1,C1 - Saver 
TX002302,294.61,Debit,Omaha,Branch,60.0,Retired,74.0,7375.59,5.6890410180011655,1,C1 - Saver 
TX002303,106.43,Credit,Phoenix,ATM,52.0,Engineer,164.0,9403.12,4.676839472678451,1,C1 - Saver 
TX002304,381.52,Debit,Seattle,Online,36.0,Doctor,79.0,5798.92,5.946780939481342,2,C2- Young & Active
TX002305,1142.76,Credit,Houston,Online,25.0,Student,71.0,1498.93,7.042076359720909,0,C0 - High Spender  
TX002306,5.66,Debit,Fresno,Branch,40.0,Engineer,33.0,5434.64,1.8961194845522977,1,C1 - Saver 
TX002307,209.09,Debit,Virginia Beach,ATM,48.0,Doctor,203.0,9100.81,5.347536010335536,1,C1 - Saver 
TX002308,521.81,Debit,Virginia Beach,ATM,47.0,Engineer,34.0,4750.96,6.259218109340661,0,C0 - High Spender  
TX002309,588.36,Debit,Charlotte,Online,33.0,Engineer,134.0,8434.99,6.379037202374558,0,C0 - High Spender  
TX002310,146.67,Debit,Albuquerque,Online,20.0,Student,273.0,1569.75,4.994980054485683,2,C2- Young & Active
TX002311,176.52,Credit,San Diego,Online,73.0,Retired,94.0,7132.08,5.179083278624338,1,C1 - Saver 
TX002312,57.34,Debit,Atlanta,Online,27.0,Student,81.0,1100.64,4.066287964439575,2,C2- Young & Active
TX002313,294.77,Debit,Philadelphia,Online,77.0,Retired,101.0,2272.17,5.689582125255059,1,C1 - Saver 
TX002315,162.59,Debit,Indianapolis,Branch,64.0,Retired,19.0,7104.83,5.09736329760608,1,C1 - Saver 
TX002316,56.15,Debit,Nashville,Branch,31.0,Doctor,77.0,13265.92,4.04567939024082,1,C1 - Saver 
TX002317,524.55,Debit,El Paso,ATM,39.0,Doctor,175.0,8292.75,6.2644453332693635,1,C1 - Saver 
TX002318,535.4,Debit,San Diego,Branch,23.0,Student,110.0,651.84,6.284880151407523,2,C2- Young & Active
TX002319,56.84,Debit,Raleigh,ATM,45.0,Engineer,185.0,7977.78,4.057680577850509,1,C1 - Saver 
TX002320,135.94,Debit,Houston,Branch,71.0,Retired,258.0,4710.21,4.919542873692917,1,C1 - Saver 
TX002321,47.1,Credit,Washington,Branch,42.0,Doctor,178.0,6308.07,3.8732821771117156,1,C1 - Saver 
TX002322,124.05,Credit,Albuquerque,Branch,61.0,Doctor,220.0,7009.54,4.828713657323628,1,C1 - Saver 
TX002323,802.89,Debit,Chicago,ATM,19.0,Student,175.0,1973.63,6.6894624438984165,0,C0 - High Spender  
TX002324,193.16,Debit,Charlotte,ATM,64.0,Retired,109.0,2304.56,5.268682561418346,1,C1 - Saver 
TX002325,541.52,Credit,Indianapolis,Branch,48.0,Engineer,161.0,6087.24,6.296224951094514,0,C0 - High Spender  
TX002326,20.17,Debit,San Antonio,ATM,77.0,Retired,86.0,3869.37,3.0525850851467737,1,C1 - Saver 
TX002327,35.98,Credit,Nashville,Branch,40.0,Doctor,133.0,11147.34,3.610377225958979,1,C1 - Saver 
TX002328,273.24,Debit,Fresno,Branch,51.0,Retired,173.0,2202.21,5.614003635409415,2,C2- Young & Active
TX002329,663.45,Debit,Albuquerque,ATM,67.0,Retired,147.0,5897.29,6.498959630777517,0,C0 - High Spender  
TX002330,343.86,Debit,Charlotte,Branch,57.0,Engineer,70.0,3278.65,5.843138537571986,1,C1 - Saver 
TX002331,69.38,Debit,Detroit,Branch,69.0,Doctor,280.0,12072.11,4.253909131893439,1,C1 - Saver 
TX002332,75.43,Debit,Fresno,ATM,77.0,Retired,266.0,1441.86,4.336375289254793,1,C1 - Saver 
TX002334,86.79,Debit,Fort Worth,Branch,33.0,Doctor,166.0,8795.37,4.474947598938117,1,C1 - Saver 
TX002335,1105.88,Debit,Omaha,ATM,34.0,Engineer,36.0,2636.32,7.009300525748804,0,C0 - High Spender  
TX002336,14.1,Debit,Louisville,Branch,45.0,Engineer,73.0,6949.21,2.714694743820879,1,C1 - Saver 
TX002337,63.33,Credit,Louisville,Branch,23.0,Student,124.0,792.33,4.1640260854229085,2,C2- Young & Active
TX002338,606.27,Debit,Louisville,Branch,29.0,Doctor,42.0,9668.78,6.4089735027042725,0,C0 - High Spender  
TX002339,4.47,Debit,Baltimore,Branch,27.0,Student,132.0,1381.75,1.6992786164338898,2,C2- Young & Active
TX002340,289.01,Debit,Miami,Online,66.0,Retired,96.0,4226.26,5.669915405144624,1,C1 - Saver 
TX002341,338.69,Debit,Virginia Beach,Branch,18.0,Student,169.0,1137.89,5.828033436994058,2,C2- Young & Active
TX002342,97.73,Debit,Sacramento,Branch,69.0,Doctor,156.0,7885.21,4.592388851623358,1,C1 - Saver 
TX002344,27.61,Credit,Fort Worth,ATM,54.0,Retired,26.0,3679.64,3.3537563070620187,1,C1 - Saver 
TX002345,284.17,Debit,Memphis,ATM,51.0,Retired,189.0,3479.56,5.6530854936665405,1,C1 - Saver 
TX002346,76.21,Debit,Los Angeles,Branch,22.0,Student,69.0,664.93,4.3465289823207245,2,C2- Young & Active
TX002348,584.51,Debit,Denver,ATM,74.0,Retired,76.0,3254.56,6.37248326231122,0,C0 - High Spender  
TX002349,432.18,Debit,Las Vegas,Branch,18.0,Student,162.0,678.83,6.07115334600935,2,C2- Young & Active
TX002350,134.55,Debit,San Jose,Online,59.0,Doctor,165.0,14852.42,4.909340575944674,1,C1 - Saver 
TX002351,61.66,Debit,Sacramento,ATM,26.0,Student,86.0,5705.4,4.137723285524046,2,C2- Young & Active
TX002352,12.35,Debit,Fresno,Branch,25.0,Student,22.0,1846.85,2.5915163848462583,2,C2- Young & Active
TX002353,213.25,Debit,San Francisco,Branch,25.0,Student,63.0,677.79,5.367143557477889,2,C2- Young & Active
TX002354,34.93,Debit,Columbus,Branch,31.0,Engineer,72.0,2810.37,3.581572601125427,2,C2- Young & Active
TX002356,335.68,Debit,Tucson,Online,24.0,Student,142.0,1188.95,5.819132924343375,2,C2- Young & Active
TX002357,423.96,Debit,San Diego,ATM,43.0,Doctor,75.0,8374.38,6.051995046848014,1,C1 - Saver 
TX002358,361.38,Credit,Milwaukee,Online,72.0,Retired,71.0,4972.92,5.892693385007961,1,C1 - Saver 
TX002359,220.82,Debit,Louisville,Branch,42.0,Engineer,31.0,4298.13,5.401866242176595,2,C2- Young & Active
TX002361,406.12,Debit,Houston,ATM,42.0,Doctor,106.0,10501.53,6.009107982280577,1,C1 - Saver 
TX002362,427.83,Debit,Phoenix,ATM,47.0,Engineer,29.0,3293.06,6.061060569995885,2,C2- Young & Active
TX002363,416.62,Credit,Baltimore,Online,26.0,Student,67.0,9700.9,6.034571928141916,1,C1 - Saver 
TX002364,21.9,Debit,Phoenix,ATM,28.0,Student,30.0,1052.27,3.131136910560194,2,C2- Young & Active
TX002366,393.68,Debit,San Diego,ATM,55.0,Doctor,141.0,10135.88,5.978075309988966,1,C1 - Saver 
TX002367,281.91,Debit,Denver,Branch,25.0,Student,269.0,225.53,5.645128825862358,2,C2- Young & Active
TX002368,239.85,Debit,Tucson,ATM,70.0,Retired,50.0,1477.63,5.48417433307623,1,C1 - Saver 
TX002369,237.84,Debit,Nashville,Branch,26.0,Student,16.0,8932.39,5.475793871678792,1,C1 - Saver 
TX002370,459.29,Credit,Kansas City,Online,64.0,Retired,109.0,1006.12,6.131856725625224,1,C1 - Saver 
TX002371,196.49,Debit,Oklahoma City,Branch,41.0,Engineer,65.0,7516.56,5.285687950147895,1,C1 - Saver 
TX002372,21.23,Debit,Virginia Beach,ATM,23.0,Student,103.0,319.18,3.101442727976105,2,C2- Young & Active
TX002373,95.23,Debit,Denver,Online,20.0,Student,60.0,966.88,4.566741159368309,2,C2- Young & Active
TX002374,344.87,Debit,Houston,Branch,58.0,Retired,25.0,7447.44,5.846062981912972,1,C1 - Saver 
TX002375,129.62,Credit,San Jose,ATM,23.0,Student,124.0,620.28,4.872292344474511,2,C2- Young & Active
TX002376,16.53,Debit,Houston,ATM,21.0,Student,220.0,707.95,2.863913698933143,2,C2- Young & Active
TX002377,277.02,Credit,Denver,ATM,46.0,Doctor,227.0,8586.38,5.6276930535489464,1,C1 - Saver 
TX002378,13.02,Debit,Charlotte,Branch,51.0,Doctor,42.0,6076.45,2.640484881606444,1,C1 - Saver 
TX002379,199.02,Debit,Memphis,ATM,22.0,Student,185.0,793.63,5.29841736154837,2,C2- Young & Active
TX002380,684.5,Debit,Fort Worth,Branch,29.0,Doctor,76.0,6258.63,6.530148499002369,0,C0 - High Spender  
TX002381,1173.74,Credit,Virginia Beach,Online,61.0,Doctor,61.0,10456.24,7.068802125497236,0,C0 - High Spender  
TX002382,45.92,Debit,Nashville,ATM,26.0,Student,23.0,544.56,3.848444023785275,2,C2- Young & Active
TX002383,761.73,Debit,Columbus,ATM,19.0,Student,27.0,151.28,6.636904102341829,2,C2- Young & Active
TX002384,331.38,Debit,Miami,ATM,42.0,Engineer,122.0,844.55,5.806278892699377,2,C2- Young & Active
TX002385,602.8,Debit,Baltimore,Branch,60.0,Retired,173.0,7417.69,6.403243017272739,0,C0 - High Spender  
TX002386,64.12,Credit,Indianapolis,Branch,57.0,Doctor,222.0,1029.09,4.176231721694285,1,C1 - Saver 
TX002387,57.38,Debit,Kansas City,Online,28.0,Student,86.0,899.52,4.0669733654259685,2,C2- Young & Active
TX002388,94.64,Credit,New York,ATM,28.0,Student,144.0,586.76,4.560591142590124,2,C2- Young & Active
TX002389,155.56,Credit,Austin,Branch,19.0,Student,64.0,129.79,5.0534393230878205,2,C2- Young & Active
TX002390,301.39,Credit,Denver,Online,47.0,Doctor,104.0,10548.58,5.711717574975525,1,C1 - Saver 
TX002391,136.31,Debit,Nashville,Online,74.0,Retired,65.0,4384.95,4.92224114333366,1,C1 - Saver 
TX002392,4.39,Debit,Philadelphia,ATM,26.0,Student,63.0,1429.61,1.6845453849209058,2,C2- Young & Active
TX002393,429.25,Debit,Seattle,Online,29.0,Engineer,107.0,5019.68,6.064366435091649,2,C2- Young & Active
TX002394,138.54,Credit,Austin,Branch,60.0,Engineer,93.0,8274.77,4.9383512985110904,1,C1 - Saver 
TX002395,33.03,Debit,Washington,Branch,21.0,Student,28.0,935.88,3.5272424885128144,2,C2- Young & Active
TX002396,76.39,Debit,Sacramento,Online,30.0,Doctor,80.0,11584.32,4.348857573282368,1,C1 - Saver 
TX002397,25.32,Debit,Oklahoma City,ATM,19.0,Student,25.0,1642.34,3.2703291064571163,2,C2- Young & Active
TX002398,330.91,Debit,Kansas City,ATM,36.0,Engineer,28.0,6481.35,5.804863847829139,1,C1 - Saver 
TX002399,153.55,Debit,Denver,Online,37.0,Doctor,16.0,5619.91,5.040517668578126,2,C2- Young & Active
TX002400,217.61,Debit,Omaha,Online,27.0,Student,120.0,1661.1,5.387289320350301,2,C2- Young & Active
TX002401,131.69,Credit,Denver,Branch,53.0,Engineer,59.0,2958.43,4.888015580548345,1,C1 - Saver 
TX002402,953.17,Debit,Raleigh,Online,60.0,Retired,84.0,3506.11,6.860841852638065,0,C0 - High Spender  
TX002403,68.49,Debit,Nashville,Online,67.0,Retired,49.0,6683.31,4.241182857326236,1,C1 - Saver 
TX002404,1493.0,Debit,Colorado Springs,ATM,69.0,Retired,151.0,1619.16,7.309212365692763,0,C0 - High Spender  
TX002405,470.62,Debit,Tucson,Branch,57.0,Doctor,127.0,12470.62,6.156173576585022,1,C1 - Saver 
TX002406,385.35,Debit,Miami,Branch,38.0,Doctor,269.0,5184.13,5.956743694379593,2,C2- Young & Active
TX002407,74.72,Debit,Phoenix,Online,26.0,Student,132.0,165.75,4.327042326341122,2,C2- Young & Active
TX002408,352.03,Credit,Phoenix,Online,27.0,Student,219.0,4846.68,5.866553039157899,2,C2- Young & Active
TX002409,275.87,Debit,Seattle,ATM,25.0,Student,112.0,1697.58,5.623548081945595,2,C2- Young & Active
TX002410,90.94,Credit,Colorado Springs,ATM,63.0,Retired,56.0,3896.08,4.521136190378082,1,C1 - Saver 
TX002411,206.25,Debit,Baltimore,ATM,74.0,Retired,56.0,3651.07,5.333925794015404,1,C1 - Saver 
TX002412,116.76,Debit,Philadelphia,ATM,51.0,Engineer,212.0,4480.43,4.7686486549805664,1,C1 - Saver 
TX002413,91.5,Debit,Omaha,ATM,47.0,Doctor,77.0,667.66,4.52720864451838,2,C2- Young & Active
TX002414,489.31,Debit,Louisville,Branch,43.0,Engineer,36.0,5595.22,6.1950378441253156,0,C0 - High Spender  
TX002415,1664.33,Debit,San Antonio,Branch,18.0,Student,65.0,1588.31,7.417778580974074,0,C0 - High Spender  
TX002416,414.49,Credit,Phoenix,Online,58.0,Doctor,108.0,12709.58,6.029458546617191,1,C1 - Saver 
TX002417,315.13,Debit,Omaha,Branch,30.0,Engineer,143.0,6570.94,5.756153521393322,2,C2- Young & Active
TX002418,28.38,Debit,Tucson,Branch,45.0,Doctor,260.0,8892.62,3.380314170745731,1,C1 - Saver 
TX002419,456.05,Debit,Detroit,Branch,68.0,Doctor,20.0,11729.51,6.124792794099828,1,C1 - Saver 
TX002420,277.22,Debit,Kansas City,Branch,35.0,Doctor,41.0,12104.51,5.628412167631424,1,C1 - Saver 
TX002421,54.84,Debit,Kansas City,Online,52.0,Retired,124.0,3495.51,4.022490458454117,1,C1 - Saver 
TX002422,29.92,Credit,Denver,Online,68.0,Doctor,63.0,7855.01,3.4314032237192214,1,C1 - Saver 
TX002423,133.06,Debit,Las Vegas,Online,35.0,Engineer,143.0,8843.44,4.8982874609298115,1,C1 - Saver 
TX002424,332.06,Debit,Seattle,ATM,29.0,Doctor,221.0,11826.52,5.808322653930125,1,C1 - Saver 
TX002425,14.34,Credit,Memphis,Online,67.0,Retired,24.0,7932.51,2.73046379593911,1,C1 - Saver 
TX002426,468.32,Debit,Fresno,Online,69.0,Retired,152.0,4710.04,6.151284838555423,1,C1 - Saver 
TX002428,245.62,Debit,San Antonio,Branch,23.0,Student,127.0,1879.82,5.507848690442384,2,C2- Young & Active
TX002429,981.9,Credit,Baltimore,Online,43.0,Doctor,112.0,9018.33,6.890507385572584,0,C0 - High Spender  
TX002430,83.6,Debit,San Jose,ATM,47.0,Doctor,192.0,13899.24,4.437934266612178,1,C1 - Saver 
TX002431,331.22,Credit,Oklahoma City,Branch,61.0,Doctor,161.0,12613.25,5.80579740006293,1,C1 - Saver 
TX002432,57.49,Credit,Detroit,Online,24.0,Student,177.0,765.15,4.068855799454934,2,C2- Young & Active
TX002434,157.56,Debit,Indianapolis,Branch,43.0,Doctor,159.0,7541.16,5.066133070581678,1,C1 - Saver 
TX002435,230.3,Debit,Colorado Springs,Online,46.0,Engineer,24.0,8356.88,5.443715569237393,1,C1 - Saver 
TX002436,305.92,Debit,El Paso,ATM,72.0,Retired,88.0,1445.47,5.726587127309465,1,C1 - Saver 
TX002437,942.7,Debit,Boston,Online,35.0,Engineer,29.0,5141.32,6.849808319027288,0,C0 - High Spender  
TX002438,116.33,Debit,Fresno,Branch,27.0,Student,144.0,1696.15,4.764990477435532,2,C2- Young & Active
TX002439,537.71,Credit,Mesa,Online,19.0,Student,175.0,1806.08,6.289177392721916,2,C2- Young & Active
TX002440,538.17,Credit,Washington,Branch,27.0,Engineer,252.0,5908.04,6.290030920068052,2,C2- Young & Active
TX002441,219.44,Debit,Washington,Online,42.0,Engineer,23.0,4207.27,5.395625549015034,2,C2- Young & Active
TX002442,61.62,Debit,Miami,Online,57.0,Doctor,19.0,8365.37,4.1370847158982595,1,C1 - Saver 
TX002443,58.77,Debit,Memphis,Online,27.0,Engineer,191.0,7261.7,4.0905038628361625,2,C2- Young & Active
TX002445,177.05,Debit,Philadelphia,Branch,24.0,Student,235.0,4287.82,5.182064409723787,2,C2- Young & Active
TX002446,403.01,Debit,Washington,Online,63.0,Doctor,286.0,10513.52,6.00143963013006,1,C1 - Saver 
TX002447,719.76,Debit,San Francisco,Branch,19.0,Student,190.0,690.52,6.5803062108586134,2,C2- Young & Active
TX002448,163.22,Debit,Miami,Online,26.0,Student,217.0,1788.27,5.101206992280643,2,C2- Young & Active
TX002450,291.22,Credit,Baltimore,Online,41.0,Engineer,100.0,3677.63,5.677506943243938,2,C2- Young & Active
TX002451,56.52,Debit,Omaha,ATM,42.0,Engineer,152.0,6911.2,4.052132713412791,1,C1 - Saver 
TX002452,195.8,Debit,Raleigh,Online,39.0,Doctor,186.0,12027.68,5.282187984618153,1,C1 - Saver 
TX002453,66.76,Credit,Austin,Branch,36.0,Doctor,44.0,184.72,4.215972050343799,2,C2- Young & Active
TX002455,106.99,Debit,Omaha,Branch,38.0,Engineer,152.0,5771.4,4.682038630244668,1,C1 - Saver 
TX002456,655.81,Debit,Omaha,ATM,55.0,Retired,164.0,4539.99,6.487394783357272,0,C0 - High Spender  
TX002457,107.1,Credit,Philadelphia,Online,25.0,Student,175.0,193.8,4.683056724645162,2,C2- Young & Active
TX002458,79.92,Debit,Miami,ATM,44.0,Engineer,274.0,9138.76,4.393461012299545,1,C1 - Saver 
TX002460,235.34,Debit,Washington,Branch,26.0,Student,68.0,566.83,5.46527144621087,2,C2- Young & Active
TX002461,86.35,Credit,Indianapolis,Branch,52.0,Retired,24.0,1550.48,4.469923036580066,2,C2- Young & Active
TX002462,337.99,Debit,Colorado Springs,ATM,70.0,Doctor,115.0,9038.63,5.8259706084202865,1,C1 - Saver 
TX002463,577.13,Credit,San Jose,Branch,40.0,Engineer,66.0,6640.51,6.359798756877939,0,C0 - High Spender  
TX002464,213.33,Debit,Omaha,ATM,52.0,Retired,161.0,5400.44,5.367516883349041,1,C1 - Saver 
TX002467,883.92,Credit,Tucson,Online,53.0,Retired,129.0,2342.64,6.7854972454417855,0,C0 - High Spender  
TX002468,69.8,Credit,New York,Branch,27.0,Student,138.0,136.77,4.259859000699674,2,C2- Young & Active
TX002469,768.94,Debit,Indianapolis,Branch,64.0,Retired,53.0,6860.18,6.646312589733725,0,C0 - High Spender  
TX002470,179.62,Debit,Tucson,Online,24.0,Student,119.0,409.26,5.196395376822653,2,C2- Young & Active
TX002471,425.91,Debit,Jacksonville,ATM,23.0,Student,47.0,383.58,6.056573218179185,2,C2- Young & Active
TX002472,263.34,Debit,Denver,ATM,64.0,Retired,55.0,2411.02,5.57723615332966,1,C1 - Saver 
TX002473,113.03,Credit,Tucson,Online,36.0,Doctor,12.0,6756.13,4.736461571669267,1,C1 - Saver 
TX002474,11.02,Debit,Austin,Online,42.0,Doctor,42.0,7879.66,2.4865719291070616,1,C1 - Saver 
TX002475,865.17,Debit,Houston,Branch,24.0,Student,161.0,9297.5,6.764081194147044,0,C0 - High Spender  
TX002476,152.0,Debit,Albuquerque,ATM,51.0,Engineer,63.0,7531.43,5.030437921392435,1,C1 - Saver 
TX002477,270.39,Debit,Jacksonville,ATM,25.0,Student,104.0,899.15,5.603556900738151,2,C2- Young & Active
TX002480,261.45,Credit,Oklahoma City,Online,50.0,Engineer,96.0,6735.74,5.5700605876983085,1,C1 - Saver 
TX002481,99.98,Credit,Washington,Online,73.0,Retired,152.0,3037.97,4.6149224774307696,1,C1 - Saver 
TX002482,400.69,Debit,Las Vegas,Online,32.0,Engineer,26.0,9040.33,5.995680646855719,1,C1 - Saver 
TX002483,411.47,Debit,Fort Worth,ATM,26.0,Student,120.0,796.63,6.022163475857252,2,C2- Young & Active
TX002484,204.63,Debit,Las Vegas,Online,52.0,Engineer,92.0,9199.52,5.326078437333427,1,C1 - Saver 
TX002485,421.56,Debit,San Jose,Online,53.0,Engineer,144.0,8037.87,6.046331448548822,1,C1 - Saver 
TX002486,193.38,Debit,Memphis,ATM,18.0,Student,285.0,1081.79,5.269815006075325,2,C2- Young & Active
TX002487,377.04,Debit,Chicago,ATM,34.0,Engineer,64.0,3812.87,5.935000010126855,2,C2- Young & Active
TX002488,54.1,Credit,Boston,Branch,28.0,Engineer,17.0,940.91,4.009149716158869,2,C2- Young & Active
TX002489,18.1,Debit,Louisville,ATM,57.0,Retired,66.0,6474.34,2.9496883350525844,1,C1 - Saver 
TX002490,408.62,Credit,Fort Worth,Online,48.0,Engineer,159.0,2498.48,6.015229900658244,2,C2- Young & Active
TX002491,162.1,Debit,Baltimore,Branch,64.0,Doctor,221.0,9578.74,5.094363509626968,1,C1 - Saver 
TX002492,165.31,Debit,Boston,ATM,49.0,Doctor,28.0,7346.66,5.113853516682049,1,C1 - Saver 
TX002493,267.48,Debit,Albuquerque,ATM,21.0,Student,159.0,811.86,5.592776423278841,2,C2- Young & Active
TX002494,856.9,Debit,New York,Branch,36.0,Engineer,150.0,8579.69,6.75448754257892,0,C0 - High Spender  
TX002496,271.22,Credit,Louisville,ATM,45.0,Doctor,87.0,6863.02,5.606610562903928,1,C1 - Saver 
TX002497,307.68,Credit,Detroit,Online,75.0,Retired,162.0,2052.84,5.732305141589403,1,C1 - Saver 
TX002498,348.17,Debit,El Paso,ATM,21.0,Student,181.0,1887.84,5.855558909621995,2,C2- Young & Active
TX002500,557.78,Credit,Phoenix,Branch,26.0,Student,102.0,1289.48,6.325755835761622,2,C2- Young & Active
TX002501,325.6,Debit,Dallas,ATM,69.0,Doctor,88.0,13777.1,5.788736180536365,1,C1 - Saver 
TX002502,235.83,Credit,Memphis,Online,53.0,Engineer,169.0,4120.75,5.467342584174642,1,C1 - Saver 
TX002503,603.54,Debit,Albuquerque,Online,44.0,Doctor,26.0,10517.47,6.404467838254435,0,C0 - High Spender  
TX002504,270.25,Debit,Tucson,ATM,31.0,Engineer,42.0,5414.97,5.603040904854669,2,C2- Young & Active
TX002505,123.38,Debit,Sacramento,Online,59.0,Doctor,40.0,13542.41,4.823341395675743,1,C1 - Saver 
TX002506,577.12,Debit,Virginia Beach,ATM,39.0,Engineer,69.0,5265.88,6.359781459580641,0,C0 - High Spender  
TX002507,92.24,Debit,Philadelphia,Branch,60.0,Engineer,93.0,6937.48,4.535176814167556,1,C1 - Saver 
TX002508,856.21,Credit,Colorado Springs,Branch,33.0,Doctor,109.0,12690.79,6.753682929420317,0,C0 - High Spender  
TX002509,251.54,Debit,Tucson,Branch,48.0,Doctor,177.0,254.75,5.531569652010535,2,C2- Young & Active
TX002510,28.63,Debit,San Diego,Branch,56.0,Retired,146.0,3382.91,3.388787361585474,1,C1 - Saver 
TX002511,185.97,Debit,Denver,Online,23.0,Student,19.0,1776.91,5.230948176177183,2,C2- Young & Active
TX002512,243.08,Credit,Jacksonville,Online,24.0,Student,93.0,131.25,5.497496040408414,2,C2- Young & Active
TX000076,232.12,Debit,Omaha,ATM,37.0,Engineer,51.0,6689.87,5.4515533424468945,1,C1 - Saver 
